Filename,Rating,Ethnicity,Gender
CF137.jpg,2.933333,Caucasian,Female
AF1814.jpg,3.116667,Asian,Female
AM1557.jpg,2.116667,Asian,Male
AF687.jpg,2.733333,Asian,Female
AF1044.jpg,2.983333,Asian,Female
AM1813.jpg,3.733333,Asian,Male
AM414.jpg,2.816667,Asian,Male
AM145.jpg,3.033333,Asian,Male
CF683.jpg,4.183333,Caucasian,Female
AM51.jpg,3.75,Asian,Male
AF51.jpg,2.35,Asian,Female
AF894.jpg,3.166667,Asian,Female
AM172.jpg,2.85,Asian,Male
AM1374.jpg,2.65,Asian,Male
AF712.jpg,2.616667,Asian,Female
AM1940.jpg,4.3,Asian,Male
AF1255.jpg,4.216667,Asian,Female
CM359.jpg,2.966667,Caucasian,Male
AM1448.jpg,2.5,Asian,Male
AF493.jpg,2.8,Asian,Female
CF30.jpg,3.366667,Caucasian,Female
AF1977.jpg,4.45,Asian,Female
AM1985.jpg,2.183333,Asian,Male
AF713.jpg,2.533333,Asian,Female
AM944.jpg,1.783333,Asian,Male
AM1114.jpg,3.316667,Asian,Male
AM1026.jpg,2.266667,Asian,Male
AM1805.jpg,3.666667,Asian,Male
CF350.jpg,2.55,Caucasian,Female
AF898.jpg,4.066667,Asian,Female
CF48.jpg,2.75,Caucasian,Female
AF1373.jpg,2.783333,Asian,Female
AF1126.jpg,2.583333,Asian,Female
AF1664.jpg,3.266667,Asian,Female
AF257.jpg,2.383333,Asian,Female
CM135.jpg,2.65,Caucasian,Male
CM587.jpg,1.716667,Caucasian,Male
AM818.jpg,2.783333,Asian,Male
CM650.jpg,4.45,Caucasian,Male
CM550.jpg,2.35,Caucasian,Male
AM1648.jpg,4.066667,Asian,Male
AM1561.jpg,3.216667,Asian,Male
AF1082.jpg,2.633333,Asian,Female
AF908.jpg,3.066667,Asian,Female
AF384.jpg,2.033333,Asian,Female
AF905.jpg,4.416667,Asian,Female
AF969.jpg,3.783333,Asian,Female
AF708.jpg,1.9,Asian,Female
CM502.jpg,2.516667,Caucasian,Male
AF212.jpg,2.8,Asian,Female
CM218.jpg,2.883333,Caucasian,Male
AF1446.jpg,3.766667,Asian,Female
AF573.jpg,2.683333,Asian,Female
AF1250.jpg,2.433333,Asian,Female
AF1447.jpg,4.316667,Asian,Female
AM2000.jpg,3.083333,Asian,Male
AM1744.jpg,3.233333,Asian,Male
AF1945.jpg,3.066667,Asian,Female
AM1930.jpg,4.3,Asian,Male
AM801.jpg,2.816667,Asian,Male
CF43.jpg,2.283333,Caucasian,Female
AF850.jpg,3.616667,Asian,Female
AM1174.jpg,2.433333,Asian,Male
AF163.jpg,2.8,Asian,Female
CF206.jpg,2.133333,Caucasian,Female
AF1603.jpg,3.95,Asian,Female
CM336.jpg,2.9,Caucasian,Male
AF287.jpg,1.7,Asian,Female
AF143.jpg,1.783333,Asian,Female
AM783.jpg,2.65,Asian,Male
AF304.jpg,1.933333,Asian,Female
AF1324.jpg,4.05,Asian,Female
AM759.jpg,2.983333,Asian,Male
AM1312.jpg,2.733333,Asian,Male
AM1227.jpg,2.366667,Asian,Male
CF618.jpg,4.05,Caucasian,Female
CF384.jpg,2.666667,Caucasian,Female
CF542.jpg,2.9,Caucasian,Female
CM657.jpg,4.083333,Caucasian,Male
CF513.jpg,2.266667,Caucasian,Female
AF70.jpg,2.916667,Asian,Female
AM1360.jpg,2.216667,Asian,Male
AM1969.jpg,3.7,Asian,Male
CM546.jpg,3.15,Caucasian,Male
AF1497.jpg,2.85,Asian,Female
AM107.jpg,2.983333,Asian,Male
AM37.jpg,3.066667,Asian,Male
CF252.jpg,3.5,Caucasian,Female
AM995.jpg,2.7,Asian,Male
AM1349.jpg,2.7,Asian,Male
CM441.jpg,2.633333,Caucasian,Male
AM587.jpg,2.8,Asian,Male
AF109.jpg,2.333333,Asian,Female
AM891.jpg,2.716667,Asian,Male
CF233.jpg,3.05,Caucasian,Female
AF1602.jpg,3.7,Asian,Female
AM138.jpg,3.233333,Asian,Male
AM648.jpg,2.583333,Asian,Male
CF471.jpg,2.683333,Caucasian,Female
AM1831.jpg,3.516667,Asian,Male
AM1209.jpg,2.466667,Asian,Male
CM420.jpg,3.75,Caucasian,Male
AF1789.jpg,3.65,Asian,Female
AM948.jpg,2.916667,Asian,Male
AM604.jpg,2.783333,Asian,Male
CF295.jpg,3.8,Caucasian,Female
AM1787.jpg,2.8,Asian,Male
AM684.jpg,3.016667,Asian,Male
AM1817.jpg,3.116667,Asian,Male
CM589.jpg,2.883333,Caucasian,Male
AM1067.jpg,2.133333,Asian,Male
AF672.jpg,2.466667,Asian,Female
AM411.jpg,2.816667,Asian,Male
CF111.jpg,2.983333,Caucasian,Female
CM747.jpg,3.85,Caucasian,Male
AM1389.jpg,2.766667,Asian,Male
AM430.jpg,2.883333,Asian,Male
AF1700.jpg,3.05,Asian,Female
AF5.jpg,2.0,Asian,Female
AM958.jpg,2.316667,Asian,Male
AF783.jpg,4.316667,Asian,Female
CM144.jpg,2.333333,Caucasian,Male
AF59.jpg,2.083333,Asian,Female
CM540.jpg,3.083333,Caucasian,Male
AM942.jpg,2.866667,Asian,Male
CM355.jpg,1.55,Caucasian,Male
AF895.jpg,3.516667,Asian,Female
AF1496.jpg,3.683333,Asian,Female
CM688.jpg,4.15,Caucasian,Male
AM1641.jpg,3.433333,Asian,Male
CF695.jpg,4.316667,Caucasian,Female
AF1062.jpg,4.183333,Asian,Female
AM1601.jpg,3.966667,Asian,Male
AM418.jpg,1.95,Asian,Male
AM1959.jpg,3.75,Asian,Male
AM1876.jpg,3.1,Asian,Male
AF763.jpg,2.6,Asian,Female
CF203.jpg,2.016667,Caucasian,Female
AM1001.jpg,2.3,Asian,Male
AF1040.jpg,2.233333,Asian,Female
AM247.jpg,3.883333,Asian,Male
AM1113.jpg,2.95,Asian,Male
AM150.jpg,3.516667,Asian,Male
AM1882.jpg,2.85,Asian,Male
CF388.jpg,3.4,Caucasian,Female
AF352.jpg,2.166667,Asian,Female
CF491.jpg,2.116667,Caucasian,Female
AM1530.jpg,2.616667,Asian,Male
CM683.jpg,3.366667,Caucasian,Male
AM1725.jpg,3.25,Asian,Male
AM356.jpg,2.65,Asian,Male
CM154.jpg,3.7,Caucasian,Male
AM717.jpg,2.133333,Asian,Male
CF341.jpg,3.133333,Caucasian,Female
AF1489.jpg,3.1,Asian,Female
AF1757.jpg,2.783333,Asian,Female
CF159.jpg,2.433333,Caucasian,Female
AM886.jpg,2.983333,Asian,Male
AM1846.jpg,2.366667,Asian,Male
AM1886.jpg,3.066667,Asian,Male
AM1310.jpg,2.616667,Asian,Male
CM272.jpg,3.2,Caucasian,Male
AM1941.jpg,3.533333,Asian,Male
AM1005.jpg,2.45,Asian,Male
AF1772.jpg,3.5,Asian,Female
CF578.jpg,3.966667,Caucasian,Female
CM130.jpg,2.966667,Caucasian,Male
AM1906.jpg,3.066667,Asian,Male
CF667.jpg,3.95,Caucasian,Female
CM681.jpg,3.9,Caucasian,Male
AM1143.jpg,2.35,Asian,Male
CF488.jpg,2.9,Caucasian,Female
CM552.jpg,2.7,Caucasian,Male
CM629.jpg,2.266667,Caucasian,Male
AM583.jpg,2.833333,Asian,Male
AF475.jpg,1.85,Asian,Female
AF1878.jpg,3.983333,Asian,Female
AM1547.jpg,2.233333,Asian,Male
AF372.jpg,2.633333,Asian,Female
AM897.jpg,2.516667,Asian,Male
AM1545.jpg,2.716667,Asian,Male
AF885.jpg,4.216667,Asian,Female
AM1987.jpg,3.966667,Asian,Male
AM589.jpg,2.25,Asian,Male
AF1874.jpg,3.316667,Asian,Female
CM574.jpg,3.05,Caucasian,Male
AM1505.jpg,2.783333,Asian,Male
AM1009.jpg,2.716667,Asian,Male
AF157.jpg,2.366667,Asian,Female
AF1834.jpg,3.8,Asian,Female
AF268.jpg,3.3,Asian,Female
AF568.jpg,2.416667,Asian,Female
AF276.jpg,2.133333,Asian,Female
AM1559.jpg,2.716667,Asian,Male
CM738.jpg,3.8,Caucasian,Male
CM723.jpg,3.2,Caucasian,Male
CM11.jpg,4.416667,Caucasian,Male
AF1068.jpg,4.116667,Asian,Female
AF96.jpg,3.1,Asian,Female
AF1741.jpg,3.883333,Asian,Female
AF551.jpg,3.733333,Asian,Female
AF506.jpg,2.983333,Asian,Female
CM56.jpg,2.316667,Caucasian,Male
AF1625.jpg,2.083333,Asian,Female
AM304.jpg,4.183333,Asian,Male
AM1777.jpg,3.7,Asian,Male
CF458.jpg,2.666667,Caucasian,Female
AM1465.jpg,2.816667,Asian,Male
AM155.jpg,3.766667,Asian,Male
CF474.jpg,2.15,Caucasian,Female
CF467.jpg,2.916667,Caucasian,Female
AM497.jpg,1.866667,Asian,Male
AF974.jpg,2.716667,Asian,Female
CF729.jpg,3.716667,Caucasian,Female
AM1812.jpg,2.833333,Asian,Male
AF631.jpg,3.4,Asian,Female
AM1659.jpg,3.05,Asian,Male
CF210.jpg,2.8,Caucasian,Female
CF699.jpg,3.75,Caucasian,Female
CM182.jpg,2.666667,Caucasian,Male
AF755.jpg,4.25,Asian,Female
CM358.jpg,2.533333,Caucasian,Male
CF660.jpg,3.466667,Caucasian,Female
AM1629.jpg,4.333333,Asian,Male
AM1825.jpg,2.35,Asian,Male
AM1173.jpg,1.9,Asian,Male
AF615.jpg,2.666667,Asian,Female
CM255.jpg,3.416667,Caucasian,Male
AF312.jpg,2.233333,Asian,Female
AF26.jpg,2.25,Asian,Female
CM352.jpg,2.816667,Caucasian,Male
AM1351.jpg,2.75,Asian,Male
CM615.jpg,3.033333,Caucasian,Male
AF1094.jpg,4.066667,Asian,Female
CM471.jpg,2.8,Caucasian,Male
CM439.jpg,3.25,Caucasian,Male
AM1395.jpg,2.916667,Asian,Male
AM1582.jpg,3.666667,Asian,Male
AF1685.jpg,3.833333,Asian,Female
AF798.jpg,4.166667,Asian,Female
AM1004.jpg,2.3,Asian,Male
AF657.jpg,2.416667,Asian,Female
AF67.jpg,3.083333,Asian,Female
CM191.jpg,2.983333,Caucasian,Male
AF334.jpg,2.25,Asian,Female
AM289.jpg,2.4,Asian,Male
AF599.jpg,2.733333,Asian,Female
CF40.jpg,3.383333,Caucasian,Female
AM255.jpg,2.766667,Asian,Male
AF1961.jpg,2.666667,Asian,Female
CM517.jpg,2.616667,Caucasian,Male
CM703.jpg,4.116667,Caucasian,Male
AM1398.jpg,2.666667,Asian,Male
AM295.jpg,2.55,Asian,Male
AF1335.jpg,4.066667,Asian,Female
AM1608.jpg,4.266667,Asian,Male
CF76.jpg,1.95,Caucasian,Female
AM991.jpg,2.1,Asian,Male
CF227.jpg,2.6,Caucasian,Female
CM228.jpg,2.883333,Caucasian,Male
CF579.jpg,3.666667,Caucasian,Female
AF863.jpg,2.783333,Asian,Female
AM129.jpg,4.3,Asian,Male
AM1806.jpg,2.783333,Asian,Male
AF1406.jpg,3.766667,Asian,Female
CM131.jpg,2.233333,Caucasian,Male
AM550.jpg,2.466667,Asian,Male
AM1531.jpg,2.866667,Asian,Male
AF721.jpg,2.6,Asian,Female
AF223.jpg,2.35,Asian,Female
AM1126.jpg,2.4,Asian,Male
AF1214.jpg,3.116667,Asian,Female
AF445.jpg,2.166667,Asian,Female
AM274.jpg,4.0,Asian,Male
AF1014.jpg,4.316667,Asian,Female
AF1900.jpg,3.033333,Asian,Female
AM649.jpg,3.616667,Asian,Male
AF1199.jpg,4.116667,Asian,Female
AM1814.jpg,2.433333,Asian,Male
CF102.jpg,3.3,Caucasian,Female
AF19.jpg,3.033333,Asian,Female
CM537.jpg,2.883333,Caucasian,Male
AM703.jpg,2.716667,Asian,Male
AF37.jpg,2.166667,Asian,Female
AM1538.jpg,2.816667,Asian,Male
AF1853.jpg,1.883333,Asian,Female
CF9.jpg,3.533333,Caucasian,Female
AM1171.jpg,2.466667,Asian,Male
AM635.jpg,2.7,Asian,Male
AF1055.jpg,3.45,Asian,Female
AM1657.jpg,4.1,Asian,Male
CM157.jpg,3.8,Caucasian,Male
AF1590.jpg,1.066667,Asian,Female
AF1767.jpg,3.95,Asian,Female
AF464.jpg,3.316667,Asian,Female
CF406.jpg,2.45,Caucasian,Female
CF374.jpg,3.8,Caucasian,Female
AF339.jpg,2.2,Asian,Female
AM867.jpg,3.516667,Asian,Male
CF577.jpg,4.366667,Caucasian,Female
AM132.jpg,2.65,Asian,Male
AM35.jpg,3.15,Asian,Male
AF871.jpg,2.8,Asian,Female
AF891.jpg,2.283333,Asian,Female
CM45.jpg,2.65,Caucasian,Male
AF1886.jpg,2.8,Asian,Female
CM128.jpg,2.283333,Caucasian,Male
AM91.jpg,2.983333,Asian,Male
CF106.jpg,2.9,Caucasian,Female
AF766.jpg,2.466667,Asian,Female
CF743.jpg,2.916667,Caucasian,Female
AM843.jpg,2.466667,Asian,Male
AF1473.jpg,2.816667,Asian,Female
AM1217.jpg,2.9,Asian,Male
AF1194.jpg,4.233333,Asian,Female
AM1769.jpg,3.833333,Asian,Male
CF60.jpg,2.783333,Caucasian,Female
AM1766.jpg,3.666667,Asian,Male
AF575.jpg,2.916667,Asian,Female
AF1937.jpg,3.2,Asian,Female
CM388.jpg,2.65,Caucasian,Male
AF1967.jpg,1.883333,Asian,Female
AM1334.jpg,2.1,Asian,Male
AM469.jpg,2.833333,Asian,Male
CF45.jpg,2.6,Caucasian,Female
AM1583.jpg,1.35,Asian,Male
AM1565.jpg,4.0,Asian,Male
AM796.jpg,2.466667,Asian,Male
AF706.jpg,1.916667,Asian,Female
CM401.jpg,2.783333,Caucasian,Male
AF1212.jpg,3.883333,Asian,Female
CF288.jpg,3.083333,Caucasian,Female
CM353.jpg,3.15,Caucasian,Male
AF286.jpg,2.816667,Asian,Female
CF432.jpg,2.166667,Caucasian,Female
AF569.jpg,3.716667,Asian,Female
AM625.jpg,3.05,Asian,Male
AM1003.jpg,2.466667,Asian,Male
CM315.jpg,2.733333,Caucasian,Male
CM582.jpg,2.433333,Caucasian,Male
CM655.jpg,4.166667,Caucasian,Male
CF518.jpg,2.416667,Caucasian,Female
AF145.jpg,2.9,Asian,Female
CF489.jpg,2.666667,Caucasian,Female
AF1941.jpg,3.133333,Asian,Female
AF407.jpg,3.266667,Asian,Female
AF1078.jpg,3.483333,Asian,Female
AM134.jpg,3.983333,Asian,Male
AM1973.jpg,3.633333,Asian,Male
CF254.jpg,2.966667,Caucasian,Female
CM43.jpg,2.516667,Caucasian,Male
CF97.jpg,2.666667,Caucasian,Female
CM389.jpg,2.466667,Caucasian,Male
AM751.jpg,2.533333,Asian,Male
AF492.jpg,4.166667,Asian,Female
AM175.jpg,2.683333,Asian,Male
AM848.jpg,2.516667,Asian,Male
AF1608.jpg,3.3,Asian,Female
AF1145.jpg,2.016667,Asian,Female
AF1359.jpg,3.916667,Asian,Female
CM484.jpg,2.633333,Caucasian,Male
CM377.jpg,2.6,Caucasian,Male
AF1051.jpg,2.7,Asian,Female
AM1834.jpg,3.516667,Asian,Male
AM1614.jpg,4.116667,Asian,Male
AF1669.jpg,4.0,Asian,Female
AM230.jpg,2.25,Asian,Male
CM371.jpg,2.266667,Caucasian,Male
AF1628.jpg,4.1,Asian,Female
CM356.jpg,2.433333,Caucasian,Male
AM1553.jpg,2.85,Asian,Male
CF598.jpg,4.233333,Caucasian,Female
AF179.jpg,2.033333,Asian,Female
AF1319.jpg,4.15,Asian,Female
AM288.jpg,2.216667,Asian,Male
AF1232.jpg,3.183333,Asian,Female
CF523.jpg,2.35,Caucasian,Female
CF266.jpg,2.866667,Caucasian,Female
AM1133.jpg,2.716667,Asian,Male
CM31.jpg,2.933333,Caucasian,Male
AF1260.jpg,3.716667,Asian,Female
AF1543.jpg,3.9,Asian,Female
AF866.jpg,2.383333,Asian,Female
AM1282.jpg,2.05,Asian,Male
AF100.jpg,2.9,Asian,Female
AM1129.jpg,2.233333,Asian,Male
AF336.jpg,2.65,Asian,Female
AF813.jpg,3.133333,Asian,Female
AM1390.jpg,2.316667,Asian,Male
AF605.jpg,2.666667,Asian,Female
AM198.jpg,3.133333,Asian,Male
AF1704.jpg,2.166667,Asian,Female
CM111.jpg,3.0,Caucasian,Male
AM28.jpg,4.233333,Asian,Male
AM269.jpg,4.016667,Asian,Male
AF1074.jpg,3.116667,Asian,Female
AF1986.jpg,1.016667,Asian,Female
CM566.jpg,2.616667,Caucasian,Male
AM73.jpg,1.9,Asian,Male
AM1290.jpg,2.466667,Asian,Male
AF1262.jpg,3.8,Asian,Female
AF43.jpg,2.166667,Asian,Female
AF1186.jpg,2.2,Asian,Female
AF1706.jpg,3.5,Asian,Female
AM557.jpg,2.716667,Asian,Male
CF393.jpg,2.9,Caucasian,Female
CM505.jpg,2.083333,Caucasian,Male
AM1698.jpg,4.4,Asian,Male
AM422.jpg,2.5,Asian,Male
AF1426.jpg,3.5,Asian,Female
AF518.jpg,2.15,Asian,Female
AF677.jpg,2.283333,Asian,Female
CM698.jpg,3.0,Caucasian,Male
AF925.jpg,2.35,Asian,Female
AF1810.jpg,2.583333,Asian,Female
AF1453.jpg,1.15,Asian,Female
CM348.jpg,2.583333,Caucasian,Male
AM1528.jpg,2.0,Asian,Male
AF1722.jpg,3.4,Asian,Female
AF272.jpg,3.366667,Asian,Female
AF637.jpg,2.7,Asian,Female
CM125.jpg,2.366667,Caucasian,Male
AF1340.jpg,3.9,Asian,Female
AF940.jpg,3.3,Asian,Female
AM740.jpg,2.7,Asian,Male
AM1117.jpg,2.9,Asian,Male
AF1341.jpg,2.233333,Asian,Female
AM364.jpg,2.466667,Asian,Male
AM547.jpg,2.333333,Asian,Male
CM670.jpg,4.05,Caucasian,Male
CF533.jpg,2.516667,Caucasian,Female
AM349.jpg,2.716667,Asian,Male
AF1885.jpg,2.716667,Asian,Female
AM763.jpg,2.583333,Asian,Male
AF8.jpg,2.75,Asian,Female
AF945.jpg,3.2,Asian,Female
AF264.jpg,2.583333,Asian,Female
CM482.jpg,3.066667,Caucasian,Male
AM811.jpg,3.066667,Asian,Male
CF185.jpg,2.766667,Caucasian,Female
CF164.jpg,2.516667,Caucasian,Female
AM819.jpg,2.866667,Asian,Male
AM569.jpg,2.9,Asian,Male
CF269.jpg,4.016667,Caucasian,Female
AF1282.jpg,3.466667,Asian,Female
AM1900.jpg,3.383333,Asian,Male
AM693.jpg,2.866667,Asian,Male
AM553.jpg,2.75,Asian,Male
CM423.jpg,2.8,Caucasian,Male
CF628.jpg,4.316667,Caucasian,Female
AF1724.jpg,3.716667,Asian,Female
CF218.jpg,2.95,Caucasian,Female
AF1295.jpg,4.083333,Asian,Female
AM1054.jpg,1.833333,Asian,Male
AF305.jpg,1.833333,Asian,Female
CF414.jpg,2.333333,Caucasian,Female
AM1047.jpg,4.45,Asian,Male
AM128.jpg,3.366667,Asian,Male
CM507.jpg,3.183333,Caucasian,Male
AM1920.jpg,2.583333,Asian,Male
AM1010.jpg,2.25,Asian,Male
CF651.jpg,3.933333,Caucasian,Female
AF1329.jpg,3.416667,Asian,Female
CF143.jpg,3.7,Caucasian,Female
CF447.jpg,3.0,Caucasian,Female
AF1077.jpg,3.116667,Asian,Female
AM1719.jpg,3.55,Asian,Male
AM1119.jpg,2.633333,Asian,Male
AF1116.jpg,4.016667,Asian,Female
AF1860.jpg,3.216667,Asian,Female
CF19.jpg,3.933333,Caucasian,Female
AM1753.jpg,3.45,Asian,Male
AM1481.jpg,2.266667,Asian,Male
CM114.jpg,2.683333,Caucasian,Male
AM1017.jpg,2.283333,Asian,Male
AM315.jpg,3.0,Asian,Male
AM901.jpg,2.533333,Asian,Male
AF247.jpg,2.866667,Asian,Female
AF964.jpg,3.783333,Asian,Female
AM1324.jpg,2.6,Asian,Male
AM67.jpg,3.45,Asian,Male
AM1549.jpg,2.266667,Asian,Male
AF1807.jpg,2.716667,Asian,Female
AM1566.jpg,4.2,Asian,Male
CM567.jpg,2.866667,Caucasian,Male
AF13.jpg,3.35,Asian,Female
AF160.jpg,1.983333,Asian,Female
CF686.jpg,4.116667,Caucasian,Female
AM784.jpg,2.15,Asian,Male
CF617.jpg,3.466667,Caucasian,Female
CF287.jpg,2.833333,Caucasian,Female
AM730.jpg,2.933333,Asian,Male
AF329.jpg,3.133333,Asian,Female
AF1233.jpg,2.766667,Asian,Female
AM1467.jpg,2.966667,Asian,Male
AM724.jpg,1.983333,Asian,Male
AM426.jpg,2.616667,Asian,Male
CM451.jpg,2.5,Caucasian,Male
AM1178.jpg,2.133333,Asian,Male
AM1735.jpg,3.416667,Asian,Male
AM494.jpg,2.516667,Asian,Male
CF711.jpg,3.666667,Caucasian,Female
CM485.jpg,3.783333,Caucasian,Male
AF151.jpg,2.266667,Asian,Female
AM1339.jpg,2.266667,Asian,Male
AM1430.jpg,2.45,Asian,Male
AF1948.jpg,2.766667,Asian,Female
AM75.jpg,3.866667,Asian,Male
AM120.jpg,4.433333,Asian,Male
CF56.jpg,2.383333,Caucasian,Female
CF516.jpg,3.416667,Caucasian,Female
AM806.jpg,2.4,Asian,Male
CM614.jpg,2.416667,Caucasian,Male
CF134.jpg,2.616667,Caucasian,Female
AM528.jpg,2.9,Asian,Male
AF278.jpg,2.866667,Asian,Female
CM93.jpg,4.433333,Caucasian,Male
AF904.jpg,2.566667,Asian,Female
AF1067.jpg,2.583333,Asian,Female
AF457.jpg,2.583333,Asian,Female
AM710.jpg,2.6,Asian,Male
CF282.jpg,3.033333,Caucasian,Female
AF1323.jpg,2.916667,Asian,Female
AM1699.jpg,4.533333,Asian,Male
AM316.jpg,2.683333,Asian,Male
AF1451.jpg,4.066667,Asian,Female
AM686.jpg,2.816667,Asian,Male
AM1272.jpg,2.05,Asian,Male
AF195.jpg,2.9,Asian,Female
CF213.jpg,2.833333,Caucasian,Female
AF1231.jpg,3.983333,Asian,Female
AM1053.jpg,2.783333,Asian,Male
AF1298.jpg,3.8,Asian,Female
AF553.jpg,2.95,Asian,Female
CF305.jpg,3.9,Caucasian,Female
AF1946.jpg,1.7,Asian,Female
AF1890.jpg,1.15,Asian,Female
AM955.jpg,2.666667,Asian,Male
AM1788.jpg,2.066667,Asian,Male
CM679.jpg,3.316667,Caucasian,Male
CF328.jpg,2.916667,Caucasian,Female
AM83.jpg,3.1,Asian,Male
AM791.jpg,2.5,Asian,Male
AM1899.jpg,2.666667,Asian,Male
AF548.jpg,3.616667,Asian,Female
AF1638.jpg,3.833333,Asian,Female
AM1099.jpg,2.816667,Asian,Male
AM926.jpg,2.35,Asian,Male
CM415.jpg,2.883333,Caucasian,Male
AF1880.jpg,2.466667,Asian,Female
AM1950.jpg,3.216667,Asian,Male
AF847.jpg,2.75,Asian,Female
AF1611.jpg,3.333333,Asian,Female
AM1785.jpg,3.0,Asian,Male
AF1075.jpg,3.9,Asian,Female
CM215.jpg,2.7,Caucasian,Male
AF600.jpg,3.35,Asian,Female
AM1682.jpg,3.916667,Asian,Male
CM47.jpg,2.75,Caucasian,Male
AM1832.jpg,3.566667,Asian,Male
CM302.jpg,2.55,Caucasian,Male
AF285.jpg,2.916667,Asian,Female
AM1181.jpg,2.483333,Asian,Male
AM1937.jpg,3.683333,Asian,Male
AF1267.jpg,3.433333,Asian,Female
CF733.jpg,3.0,Caucasian,Female
CM283.jpg,2.95,Caucasian,Male
CF655.jpg,3.816667,Caucasian,Female
AM342.jpg,2.75,Asian,Male
CF379.jpg,3.5,Caucasian,Female
AF799.jpg,3.116667,Asian,Female
AF1079.jpg,2.966667,Asian,Female
AF705.jpg,2.433333,Asian,Female
AF1285.jpg,3.966667,Asian,Female
AM1610.jpg,3.3,Asian,Male
AM185.jpg,2.4,Asian,Male
AF1949.jpg,4.016667,Asian,Female
AF92.jpg,2.533333,Asian,Female
AF1818.jpg,3.25,Asian,Female
CM622.jpg,2.666667,Caucasian,Male
CF700.jpg,3.716667,Caucasian,Female
CM521.jpg,3.6,Caucasian,Male
AF1181.jpg,2.5,Asian,Female
AM681.jpg,2.733333,Asian,Male
CF422.jpg,2.516667,Caucasian,Female
CF482.jpg,2.783333,Caucasian,Female
AF1392.jpg,4.033333,Asian,Female
AF962.jpg,3.983333,Asian,Female
AM17.jpg,3.266667,Asian,Male
AF1153.jpg,3.266667,Asian,Female
AM1866.jpg,3.216667,Asian,Male
AF350.jpg,2.266667,Asian,Female
AF1972.jpg,4.083333,Asian,Female
AF1896.jpg,3.15,Asian,Female
CM120.jpg,3.333333,Caucasian,Male
CF299.jpg,3.766667,Caucasian,Female
AM465.jpg,1.716667,Asian,Male
CM613.jpg,1.583333,Caucasian,Male
AM1220.jpg,2.25,Asian,Male
AF1761.jpg,3.883333,Asian,Female
CM245.jpg,2.783333,Caucasian,Male
CM676.jpg,4.016667,Caucasian,Male
AM1563.jpg,3.0,Asian,Male
AF103.jpg,2.6,Asian,Female
AM1159.jpg,2.7,Asian,Male
AM309.jpg,2.65,Asian,Male
AF181.jpg,2.9,Asian,Female
AM1363.jpg,1.666667,Asian,Male
AM1691.jpg,4.05,Asian,Male
AM1823.jpg,2.733333,Asian,Male
AF1273.jpg,1.283333,Asian,Female
AF1927.jpg,4.2,Asian,Female
AF1261.jpg,3.833333,Asian,Female
AM251.jpg,2.883333,Asian,Male
AM224.jpg,2.683333,Asian,Male
CF145.jpg,2.05,Caucasian,Female
CF18.jpg,4.383333,Caucasian,Female
AF1646.jpg,4.383333,Asian,Female
AM279.jpg,2.35,Asian,Male
CM250.jpg,3.15,Caucasian,Male
AF1240.jpg,2.716667,Asian,Female
AF83.jpg,2.683333,Asian,Female
AM1761.jpg,3.85,Asian,Male
AF957.jpg,3.016667,Asian,Female
AF199.jpg,2.683333,Asian,Female
AF220.jpg,2.65,Asian,Female
AF1405.jpg,4.116667,Asian,Female
CF67.jpg,2.716667,Caucasian,Female
CM603.jpg,2.966667,Caucasian,Male
AM1172.jpg,2.266667,Asian,Male
CM624.jpg,2.433333,Caucasian,Male
AM156.jpg,4.0,Asian,Male
AM62.jpg,3.533333,Asian,Male
AF482.jpg,2.733333,Asian,Female
CF5.jpg,3.883333,Caucasian,Female
AF308.jpg,2.483333,Asian,Female
AF1466.jpg,3.7,Asian,Female
CM528.jpg,3.533333,Caucasian,Male
AM286.jpg,1.916667,Asian,Male
CM666.jpg,4.166667,Caucasian,Male
CM438.jpg,2.566667,Caucasian,Male
CF348.jpg,1.75,Caucasian,Female
AF1156.jpg,4.183333,Asian,Female
AM1885.jpg,4.216667,Asian,Male
AF1840.jpg,2.466667,Asian,Female
AF253.jpg,2.7,Asian,Female
AM1182.jpg,2.183333,Asian,Male
AF1518.jpg,3.433333,Asian,Female
CF739.jpg,3.683333,Caucasian,Female
AF1210.jpg,2.616667,Asian,Female
AM861.jpg,2.6,Asian,Male
CM123.jpg,3.25,Caucasian,Male
AM1064.jpg,4.133333,Asian,Male
CM429.jpg,2.733333,Caucasian,Male
CF400.jpg,3.1,Caucasian,Female
AM1194.jpg,2.733333,Asian,Male
AF614.jpg,3.033333,Asian,Female
CF196.jpg,2.616667,Caucasian,Female
AF204.jpg,2.666667,Asian,Female
AM1852.jpg,4.033333,Asian,Male
AM1779.jpg,3.716667,Asian,Male
AF391.jpg,1.35,Asian,Female
AM1615.jpg,3.05,Asian,Male
CM417.jpg,2.5,Caucasian,Male
AM1338.jpg,2.433333,Asian,Male
AM1977.jpg,4.083333,Asian,Male
CM581.jpg,2.65,Caucasian,Male
AM1587.jpg,4.5,Asian,Male
AM178.jpg,2.466667,Asian,Male
CF177.jpg,2.883333,Caucasian,Female
AF1848.jpg,3.466667,Asian,Female
AM417.jpg,2.966667,Asian,Male
AF213.jpg,3.866667,Asian,Female
AM642.jpg,2.916667,Asian,Male
CF302.jpg,2.7,Caucasian,Female
AM376.jpg,3.283333,Asian,Male
AM1323.jpg,2.95,Asian,Male
AM358.jpg,2.5,Asian,Male
AM4.jpg,3.316667,Asian,Male
AM1737.jpg,3.9,Asian,Male
AM1000.jpg,2.766667,Asian,Male
AM146.jpg,2.966667,Asian,Male
CF133.jpg,2.933333,Caucasian,Female
AM967.jpg,3.133333,Asian,Male
AM662.jpg,2.6,Asian,Male
CF239.jpg,2.816667,Caucasian,Female
AM865.jpg,2.716667,Asian,Male
AF1907.jpg,2.966667,Asian,Female
AF768.jpg,3.016667,Asian,Female
AM1204.jpg,2.533333,Asian,Male
AF1313.jpg,2.516667,Asian,Female
AF56.jpg,3.316667,Asian,Female
AF1832.jpg,4.083333,Asian,Female
CM473.jpg,2.75,Caucasian,Male
CF475.jpg,3.416667,Caucasian,Female
AF1367.jpg,3.083333,Asian,Female
AM1808.jpg,3.95,Asian,Male
AM1999.jpg,3.416667,Asian,Male
AM718.jpg,2.516667,Asian,Male
CF158.jpg,2.4,Caucasian,Female
AM1485.jpg,2.466667,Asian,Male
AF1084.jpg,1.833333,Asian,Female
AM1822.jpg,3.933333,Asian,Male
AM1255.jpg,2.35,Asian,Male
CM436.jpg,3.35,Caucasian,Male
AM938.jpg,2.9,Asian,Male
CF568.jpg,4.366667,Caucasian,Female
AM266.jpg,2.883333,Asian,Male
AM874.jpg,2.3,Asian,Male
AF158.jpg,2.516667,Asian,Female
AM472.jpg,2.85,Asian,Male
AF39.jpg,1.85,Asian,Female
AF995.jpg,3.016667,Asian,Female
CF29.jpg,2.616667,Caucasian,Female
AM755.jpg,2.583333,Asian,Male
AF1938.jpg,2.216667,Asian,Female
AF1905.jpg,3.566667,Asian,Female
AM470.jpg,2.583333,Asian,Male
AF1330.jpg,4.016667,Asian,Female
AM326.jpg,2.216667,Asian,Male
CF339.jpg,3.2,Caucasian,Female
AM525.jpg,2.716667,Asian,Male
CF189.jpg,3.116667,Caucasian,Female
AM1686.jpg,3.583333,Asian,Male
AM170.jpg,2.483333,Asian,Male
AF31.jpg,3.183333,Asian,Female
AF471.jpg,3.25,Asian,Female
AM1118.jpg,2.316667,Asian,Male
CM113.jpg,2.766667,Caucasian,Male
AM615.jpg,2.466667,Asian,Male
AM527.jpg,2.65,Asian,Male
AF7.jpg,2.566667,Asian,Female
CM675.jpg,3.733333,Caucasian,Male
AF1047.jpg,3.65,Asian,Female
CM480.jpg,2.883333,Caucasian,Male
AM510.jpg,2.7,Asian,Male
CF507.jpg,2.75,Caucasian,Female
AM516.jpg,3.1,Asian,Male
AF35.jpg,2.766667,Asian,Female
AM1293.jpg,2.566667,Asian,Male
AF326.jpg,2.833333,Asian,Female
AM1141.jpg,3.283333,Asian,Male
AM1109.jpg,2.15,Asian,Male
AM1915.jpg,2.983333,Asian,Male
AM402.jpg,2.6,Asian,Male
AF611.jpg,2.766667,Asian,Female
AM1507.jpg,2.533333,Asian,Male
CM178.jpg,2.45,Caucasian,Male
AM1065.jpg,2.133333,Asian,Male
CM431.jpg,2.65,Caucasian,Male
AF664.jpg,2.4,Asian,Female
CF96.jpg,2.6,Caucasian,Female
AM320.jpg,4.316667,Asian,Male
CF436.jpg,3.166667,Caucasian,Female
AF628.jpg,2.633333,Asian,Female
AF252.jpg,2.783333,Asian,Female
CM381.jpg,2.983333,Caucasian,Male
AM1103.jpg,3.116667,Asian,Male
AF214.jpg,2.683333,Asian,Female
CF225.jpg,2.916667,Caucasian,Female
AM1642.jpg,4.033333,Asian,Male
AM773.jpg,2.45,Asian,Male
CF224.jpg,2.866667,Caucasian,Female
AM202.jpg,2.466667,Asian,Male
AF390.jpg,2.683333,Asian,Female
CF95.jpg,2.066667,Caucasian,Female
AM204.jpg,2.1,Asian,Male
AM436.jpg,3.166667,Asian,Male
AF1918.jpg,2.983333,Asian,Female
AM333.jpg,2.6,Asian,Male
AM412.jpg,2.7,Asian,Male
AM1238.jpg,2.8,Asian,Male
AM1380.jpg,2.833333,Asian,Male
AM1978.jpg,3.3,Asian,Male
CM300.jpg,2.6,Caucasian,Male
AM1089.jpg,1.966667,Asian,Male
AM160.jpg,4.183333,Asian,Male
AF1410.jpg,3.216667,Asian,Female
AM950.jpg,2.55,Asian,Male
AM549.jpg,1.933333,Asian,Male
AF738.jpg,4.483333,Asian,Female
AM441.jpg,2.066667,Asian,Male
AF167.jpg,2.616667,Asian,Female
AM544.jpg,3.066667,Asian,Male
AF1.jpg,2.333333,Asian,Female
AF298.jpg,2.383333,Asian,Female
AM398.jpg,2.75,Asian,Male
AM542.jpg,1.933333,Asian,Male
AF681.jpg,2.733333,Asian,Female
AM519.jpg,2.216667,Asian,Male
CM269.jpg,2.5,Caucasian,Male
CM291.jpg,2.316667,Caucasian,Male
AM1134.jpg,2.8,Asian,Male
CM638.jpg,4.333333,Caucasian,Male
CM140.jpg,2.866667,Caucasian,Male
AF101.jpg,2.35,Asian,Female
AF913.jpg,2.8,Asian,Female
AF1550.jpg,3.383333,Asian,Female
CF283.jpg,2.816667,Caucasian,Female
AF490.jpg,2.3,Asian,Female
AF1228.jpg,3.333333,Asian,Female
AF1508.jpg,3.916667,Asian,Female
CM319.jpg,2.85,Caucasian,Male
CF147.jpg,2.35,Caucasian,Female
CF716.jpg,3.416667,Caucasian,Female
AM863.jpg,3.533333,Asian,Male
AF380.jpg,2.9,Asian,Female
AF1490.jpg,3.65,Asian,Female
AM328.jpg,2.716667,Asian,Male
CF39.jpg,2.516667,Caucasian,Female
CM26.jpg,2.283333,Caucasian,Male
AF114.jpg,2.516667,Asian,Female
AM1956.jpg,3.933333,Asian,Male
AM580.jpg,2.2,Asian,Male
AF479.jpg,2.55,Asian,Female
CF166.jpg,2.433333,Caucasian,Female
CM475.jpg,2.633333,Caucasian,Male
AM1475.jpg,2.833333,Asian,Male
AM571.jpg,2.433333,Asian,Male
AF1520.jpg,3.233333,Asian,Female
AF702.jpg,3.316667,Asian,Female
AM260.jpg,2.75,Asian,Male
AM973.jpg,2.85,Asian,Male
AF1307.jpg,2.833333,Asian,Female
AM919.jpg,2.583333,Asian,Male
CM237.jpg,2.816667,Caucasian,Male
AM1075.jpg,2.633333,Asian,Male
AF1332.jpg,2.316667,Asian,Female
AF1983.jpg,3.883333,Asian,Female
AM1008.jpg,2.483333,Asian,Male
CM338.jpg,2.35,Caucasian,Male
AM1536.jpg,2.616667,Asian,Male
CM488.jpg,2.783333,Caucasian,Male
CF246.jpg,3.3,Caucasian,Female
AM1139.jpg,2.35,Asian,Male
AM646.jpg,2.166667,Asian,Male
AM667.jpg,2.966667,Asian,Male
CF412.jpg,2.183333,Caucasian,Female
AF65.jpg,2.916667,Asian,Female
AM535.jpg,2.2,Asian,Male
CF100.jpg,2.133333,Caucasian,Female
AF581.jpg,2.866667,Asian,Female
AM1108.jpg,3.033333,Asian,Male
AM1702.jpg,3.5,Asian,Male
CF425.jpg,2.666667,Caucasian,Female
AM1012.jpg,2.066667,Asian,Male
AF1510.jpg,3.666667,Asian,Female
CM697.jpg,4.016667,Caucasian,Male
AM984.jpg,3.283333,Asian,Male
CF591.jpg,4.216667,Caucasian,Female
AF118.jpg,2.8,Asian,Female
AF1857.jpg,4.233333,Asian,Female
AF494.jpg,2.3,Asian,Female
AF318.jpg,2.016667,Asian,Female
AM837.jpg,2.8,Asian,Male
AM332.jpg,2.666667,Asian,Male
AF849.jpg,2.666667,Asian,Female
AF769.jpg,2.583333,Asian,Female
AF546.jpg,1.883333,Asian,Female
AM974.jpg,2.483333,Asian,Male
AF1571.jpg,3.7,Asian,Female
AF970.jpg,2.533333,Asian,Female
AM599.jpg,2.0,Asian,Male
CF66.jpg,2.766667,Caucasian,Female
AM774.jpg,2.766667,Asian,Male
AM461.jpg,2.316667,Asian,Male
AM94.jpg,3.3,Asian,Male
CM701.jpg,4.016667,Caucasian,Male
AM225.jpg,2.1,Asian,Male
AF1102.jpg,3.833333,Asian,Female
AM1964.jpg,4.4,Asian,Male
AF765.jpg,2.633333,Asian,Female
AM149.jpg,2.683333,Asian,Male
CM541.jpg,2.566667,Caucasian,Male
AF852.jpg,2.8,Asian,Female
AM1036.jpg,1.983333,Asian,Male
CF194.jpg,2.75,Caucasian,Female
CM305.jpg,2.983333,Caucasian,Male
CF335.jpg,3.333333,Caucasian,Female
CM509.jpg,2.7,Caucasian,Male
AF844.jpg,2.766667,Asian,Female
AM1424.jpg,2.783333,Asian,Male
AM1411.jpg,2.7,Asian,Male
AF1006.jpg,3.45,Asian,Female
AM355.jpg,2.65,Asian,Male
CM81.jpg,2.733333,Caucasian,Male
AM258.jpg,2.25,Asian,Male
CM173.jpg,3.316667,Caucasian,Male
CM214.jpg,2.85,Caucasian,Male
CM553.jpg,2.7,Caucasian,Male
AF293.jpg,2.566667,Asian,Female
AF1509.jpg,1.7,Asian,Female
CF343.jpg,2.933333,Caucasian,Female
AF1206.jpg,3.283333,Asian,Female
AM1942.jpg,3.366667,Asian,Male
AF1730.jpg,4.066667,Asian,Female
AF1641.jpg,1.166667,Asian,Female
AM1782.jpg,3.0,Asian,Male
CM252.jpg,3.083333,Caucasian,Male
AM1570.jpg,4.133333,Asian,Male
CM455.jpg,2.75,Caucasian,Male
AM221.jpg,2.366667,Asian,Male
CM246.jpg,3.183333,Caucasian,Male
AM653.jpg,2.766667,Asian,Male
AF1354.jpg,3.283333,Asian,Female
AM1690.jpg,4.433333,Asian,Male
CF575.jpg,3.666667,Caucasian,Female
AF703.jpg,2.483333,Asian,Female
AM849.jpg,2.416667,Asian,Male
CF428.jpg,2.566667,Caucasian,Female
AF1135.jpg,3.4,Asian,Female
AM976.jpg,1.916667,Asian,Male
AF1532.jpg,3.55,Asian,Female
CM409.jpg,2.55,Caucasian,Male
AM1709.jpg,2.616667,Asian,Male
AF3.jpg,3.183333,Asian,Female
AM1617.jpg,3.7,Asian,Male
AM1894.jpg,4.433333,Asian,Male
CM297.jpg,2.7,Caucasian,Male
AF507.jpg,2.566667,Asian,Female
AF837.jpg,2.316667,Asian,Female
AF1770.jpg,4.116667,Asian,Female
AF1615.jpg,3.366667,Asian,Female
CM30.jpg,4.166667,Caucasian,Male
AF1540.jpg,1.383333,Asian,Female
AF1058.jpg,3.783333,Asian,Female
AF263.jpg,3.2,Asian,Female
AM193.jpg,4.383333,Asian,Male
AM1636.jpg,4.3,Asian,Male
AM1184.jpg,3.033333,Asian,Male
AF1836.jpg,3.183333,Asian,Female
CF735.jpg,4.216667,Caucasian,Female
AM809.jpg,2.316667,Asian,Male
AF792.jpg,2.9,Asian,Female
AF1854.jpg,3.216667,Asian,Female
AF517.jpg,2.283333,Asian,Female
CM265.jpg,2.583333,Caucasian,Male
AF1902.jpg,3.683333,Asian,Female
AM191.jpg,1.816667,Asian,Male
AM1440.jpg,2.366667,Asian,Male
AM1164.jpg,2.716667,Asian,Male
AM1085.jpg,2.783333,Asian,Male
AF1588.jpg,3.933333,Asian,Female
AF1776.jpg,3.233333,Asian,Female
CF600.jpg,4.2,Caucasian,Female
AM176.jpg,2.3,Asian,Male
AF649.jpg,2.2,Asian,Female
AF17.jpg,2.933333,Asian,Female
AF1220.jpg,2.833333,Asian,Female
AF802.jpg,2.783333,Asian,Female
CF499.jpg,2.366667,Caucasian,Female
AF1659.jpg,3.566667,Asian,Female
AF1583.jpg,3.8,Asian,Female
AM1186.jpg,2.383333,Asian,Male
AM606.jpg,2.583333,Asian,Male
AF1360.jpg,3.883333,Asian,Female
AF1343.jpg,3.616667,Asian,Female
CF142.jpg,2.366667,Caucasian,Female
AM1966.jpg,3.783333,Asian,Male
CM640.jpg,2.916667,Caucasian,Male
AF663.jpg,2.95,Asian,Female
CM536.jpg,2.233333,Caucasian,Male
AF1771.jpg,1.666667,Asian,Female
AM532.jpg,2.8,Asian,Male
AM272.jpg,2.483333,Asian,Male
CM68.jpg,3.183333,Caucasian,Male
CF173.jpg,2.633333,Caucasian,Female
AM1381.jpg,2.666667,Asian,Male
AF1171.jpg,4.283333,Asian,Female
CF212.jpg,2.4,Caucasian,Female
AF1034.jpg,3.05,Asian,Female
AM629.jpg,2.9,Asian,Male
AM1841.jpg,2.4,Asian,Male
AF749.jpg,2.566667,Asian,Female
AM1466.jpg,4.016667,Asian,Male
CF483.jpg,3.966667,Caucasian,Female
AM775.jpg,2.616667,Asian,Male
AF1766.jpg,4.066667,Asian,Female
AM410.jpg,2.466667,Asian,Male
CF623.jpg,4.266667,Caucasian,Female
AM1474.jpg,2.35,Asian,Male
CF41.jpg,2.183333,Caucasian,Female
AF310.jpg,2.483333,Asian,Female
AM1668.jpg,3.033333,Asian,Male
CF537.jpg,3.433333,Caucasian,Female
CM549.jpg,2.833333,Caucasian,Male
AF1413.jpg,3.366667,Asian,Female
AM873.jpg,2.35,Asian,Male
AM1419.jpg,1.816667,Asian,Male
AF643.jpg,2.2,Asian,Female
CM647.jpg,4.466667,Caucasian,Male
AM446.jpg,2.85,Asian,Male
CM735.jpg,4.2,Caucasian,Male
AF639.jpg,4.183333,Asian,Female
AM704.jpg,2.483333,Asian,Male
AF1164.jpg,2.916667,Asian,Female
AM721.jpg,2.833333,Asian,Male
AM1124.jpg,2.116667,Asian,Male
AM1797.jpg,3.333333,Asian,Male
AM1637.jpg,3.233333,Asian,Male
CF481.jpg,2.416667,Caucasian,Female
AF1815.jpg,3.05,Asian,Female
AM1734.jpg,3.783333,Asian,Male
AM1624.jpg,4.666667,Asian,Male
AM213.jpg,2.766667,Asian,Male
AF917.jpg,1.433333,Asian,Female
AM1495.jpg,2.7,Asian,Male
CF53.jpg,2.116667,Caucasian,Female
AM1763.jpg,3.75,Asian,Male
AM742.jpg,2.683333,Asian,Male
CF15.jpg,3.933333,Caucasian,Female
CF331.jpg,2.15,Caucasian,Female
CF508.jpg,2.666667,Caucasian,Female
CF395.jpg,2.883333,Caucasian,Female
AF1565.jpg,3.3,Asian,Female
AF165.jpg,2.6,Asian,Female
AM1353.jpg,2.4,Asian,Male
AF1988.jpg,1.966667,Asian,Female
CF17.jpg,3.95,Caucasian,Female
AM1450.jpg,2.666667,Asian,Male
AF817.jpg,2.666667,Asian,Female
AM70.jpg,1.85,Asian,Male
AF508.jpg,2.216667,Asian,Female
AM1402.jpg,3.15,Asian,Male
CF721.jpg,3.933333,Caucasian,Female
AM1270.jpg,2.35,Asian,Male
AM803.jpg,2.766667,Asian,Male
AF1452.jpg,3.016667,Asian,Female
AM572.jpg,2.85,Asian,Male
AF1716.jpg,3.45,Asian,Female
AM1945.jpg,3.3,Asian,Male
CM720.jpg,4.283333,Caucasian,Male
AF1675.jpg,4.5,Asian,Female
AF10.jpg,3.433333,Asian,Female
AF620.jpg,2.5,Asian,Female
AM1013.jpg,2.766667,Asian,Male
AF728.jpg,1.616667,Asian,Female
CF590.jpg,3.833333,Caucasian,Female
AM1881.jpg,3.683333,Asian,Male
CM548.jpg,2.55,Caucasian,Male
AF920.jpg,2.6,Asian,Female
AM1435.jpg,2.683333,Asian,Male
CF638.jpg,3.75,Caucasian,Female
AF128.jpg,2.866667,Asian,Female
AF991.jpg,2.783333,Asian,Female
CF698.jpg,3.85,Caucasian,Female
AM158.jpg,2.583333,Asian,Male
CF512.jpg,2.766667,Caucasian,Female
AM253.jpg,3.25,Asian,Male
CM171.jpg,2.35,Caucasian,Male
CF220.jpg,3.116667,Caucasian,Female
AM1407.jpg,2.483333,Asian,Male
AM1873.jpg,2.9,Asian,Male
CF380.jpg,2.7,Caucasian,Female
AM1229.jpg,2.566667,Asian,Male
AM1720.jpg,4.0,Asian,Male
AF1799.jpg,3.85,Asian,Female
AM109.jpg,3.333333,Asian,Male
CF724.jpg,3.416667,Caucasian,Female
AF924.jpg,3.116667,Asian,Female
AM84.jpg,3.566667,Asian,Male
CF12.jpg,4.083333,Caucasian,Female
AM388.jpg,2.666667,Asian,Male
AM1221.jpg,2.85,Asian,Male
CF154.jpg,2.283333,Caucasian,Female
AM1493.jpg,2.6,Asian,Male
AM877.jpg,2.466667,Asian,Male
AM1760.jpg,4.183333,Asian,Male
CM80.jpg,2.4,Caucasian,Male
AM699.jpg,3.033333,Asian,Male
AF458.jpg,2.55,Asian,Female
AF1942.jpg,2.466667,Asian,Female
AM68.jpg,4.033333,Asian,Male
AF1316.jpg,4.05,Asian,Female
CM554.jpg,2.9,Caucasian,Male
AM787.jpg,2.733333,Asian,Male
CM64.jpg,2.483333,Caucasian,Male
AF1619.jpg,1.633333,Asian,Female
AM18.jpg,3.85,Asian,Male
AF698.jpg,2.333333,Asian,Female
AF22.jpg,2.416667,Asian,Female
AF1125.jpg,2.75,Asian,Female
AF1057.jpg,3.15,Asian,Female
AM841.jpg,2.516667,Asian,Male
AF625.jpg,3.1,Asian,Female
CF468.jpg,2.65,Caucasian,Female
AF1867.jpg,4.016667,Asian,Female
CM523.jpg,2.816667,Caucasian,Male
AM881.jpg,2.483333,Asian,Male
AM945.jpg,2.183333,Asian,Male
AM63.jpg,4.15,Asian,Male
AM379.jpg,2.2,Asian,Male
AF156.jpg,2.483333,Asian,Female
CM327.jpg,2.633333,Caucasian,Male
CM60.jpg,2.833333,Caucasian,Male
AM1669.jpg,3.183333,Asian,Male
CM51.jpg,2.483333,Caucasian,Male
AF515.jpg,3.266667,Asian,Female
AF1534.jpg,4.2,Asian,Female
AM1405.jpg,2.6,Asian,Male
CF262.jpg,2.816667,Caucasian,Female
AM1984.jpg,4.183333,Asian,Male
AM1115.jpg,2.583333,Asian,Male
AM1736.jpg,3.966667,Asian,Male
CF630.jpg,4.05,Caucasian,Female
CF197.jpg,2.75,Caucasian,Female
AM529.jpg,3.266667,Asian,Male
AF1065.jpg,3.85,Asian,Female
AF912.jpg,3.783333,Asian,Female
AF1072.jpg,3.233333,Asian,Female
AF700.jpg,1.85,Asian,Female
CM1.jpg,3.116667,Caucasian,Male
AM1815.jpg,2.533333,Asian,Male
AF419.jpg,2.733333,Asian,Female
AM1745.jpg,3.333333,Asian,Male
AM54.jpg,2.866667,Asian,Male
CM432.jpg,2.633333,Caucasian,Male
AF76.jpg,2.9,Asian,Female
AF381.jpg,2.866667,Asian,Female
AM1191.jpg,2.533333,Asian,Male
AF1631.jpg,1.116667,Asian,Female
CF594.jpg,3.1,Caucasian,Female
AM1487.jpg,2.45,Asian,Male
CF451.jpg,2.833333,Caucasian,Female
AF535.jpg,2.583333,Asian,Female
CM241.jpg,2.933333,Caucasian,Male
CF403.jpg,2.233333,Caucasian,Female
AF673.jpg,3.083333,Asian,Female
AM1526.jpg,2.916667,Asian,Male
AF58.jpg,2.666667,Asian,Female
CF643.jpg,2.966667,Caucasian,Female
AF610.jpg,1.866667,Asian,Female
AM478.jpg,2.533333,Asian,Male
AF102.jpg,2.8,Asian,Female
AF1487.jpg,3.183333,Asian,Female
AF914.jpg,3.783333,Asian,Female
AF78.jpg,2.65,Asian,Female
CM202.jpg,2.916667,Caucasian,Male
AF1734.jpg,3.833333,Asian,Female
AF856.jpg,3.233333,Asian,Female
AF563.jpg,3.083333,Asian,Female
AF595.jpg,2.283333,Asian,Female
AM82.jpg,2.916667,Asian,Male
CM558.jpg,2.433333,Caucasian,Male
AM1364.jpg,2.3,Asian,Male
AF394.jpg,2.633333,Asian,Female
AF1363.jpg,2.933333,Asian,Female
AM859.jpg,2.866667,Asian,Male
AF60.jpg,2.716667,Asian,Female
AF985.jpg,1.6,Asian,Female
CF479.jpg,2.7,Caucasian,Female
AF1463.jpg,2.933333,Asian,Female
AM1426.jpg,2.083333,Asian,Male
AM555.jpg,2.1,Asian,Male
AF701.jpg,3.066667,Asian,Female
AM1142.jpg,2.266667,Asian,Male
AF1630.jpg,2.766667,Asian,Female
AM1309.jpg,2.7,Asian,Male
AM680.jpg,2.433333,Asian,Male
AM540.jpg,2.916667,Asian,Male
AM243.jpg,2.6,Asian,Male
AF359.jpg,2.083333,Asian,Female
CF55.jpg,3.583333,Caucasian,Female
CF413.jpg,2.75,Caucasian,Female
AF1013.jpg,3.816667,Asian,Female
AF616.jpg,2.016667,Asian,Female
AM523.jpg,2.95,Asian,Male
AF86.jpg,2.333333,Asian,Female
CM102.jpg,2.866667,Caucasian,Male
AF183.jpg,2.666667,Asian,Female
AF1151.jpg,2.166667,Asian,Female
AM611.jpg,2.95,Asian,Male
AM509.jpg,2.833333,Asian,Male
CM694.jpg,4.2,Caucasian,Male
AF1357.jpg,4.283333,Asian,Female
CM448.jpg,3.166667,Caucasian,Male
CM5.jpg,2.666667,Caucasian,Male
AM659.jpg,2.7,Asian,Male
AM375.jpg,2.816667,Asian,Male
AM112.jpg,4.133333,Asian,Male
AM1904.jpg,1.633333,Asian,Male
AF216.jpg,2.666667,Asian,Female
AM979.jpg,2.3,Asian,Male
AM1694.jpg,3.166667,Asian,Male
AF756.jpg,1.316667,Asian,Female
AF176.jpg,2.116667,Asian,Female
CM458.jpg,2.566667,Caucasian,Male
AM986.jpg,2.183333,Asian,Male
AF1973.jpg,4.75,Asian,Female
AM1502.jpg,2.666667,Asian,Male
AF1218.jpg,3.35,Asian,Female
AM276.jpg,2.583333,Asian,Male
AM1552.jpg,2.583333,Asian,Male
CF707.jpg,4.4,Caucasian,Female
AF1154.jpg,4.1,Asian,Female
AM682.jpg,2.6,Asian,Male
CM565.jpg,2.183333,Caucasian,Male
AF570.jpg,2.383333,Asian,Female
AM451.jpg,2.666667,Asian,Male
AM296.jpg,1.95,Asian,Male
AF1952.jpg,3.033333,Asian,Female
CF59.jpg,2.15,Caucasian,Female
AF968.jpg,2.3,Asian,Female
AF1542.jpg,2.316667,Asian,Female
AM205.jpg,4.25,Asian,Male
CM631.jpg,2.7,Caucasian,Male
CM486.jpg,2.666667,Caucasian,Male
AM1784.jpg,3.516667,Asian,Male
AF502.jpg,2.616667,Asian,Female
AM420.jpg,2.366667,Asian,Male
AM1613.jpg,4.233333,Asian,Male
CF290.jpg,2.75,Caucasian,Female
AM1923.jpg,2.433333,Asian,Male
AF1132.jpg,3.233333,Asian,Female
AF1423.jpg,3.733333,Asian,Female
AM1382.jpg,2.116667,Asian,Male
AM855.jpg,2.8,Asian,Male
AF1762.jpg,3.783333,Asian,Female
AF484.jpg,3.616667,Asian,Female
AM767.jpg,2.633333,Asian,Male
AM171.jpg,2.816667,Asian,Male
AF1577.jpg,3.4,Asian,Female
AF173.jpg,2.316667,Asian,Female
CM445.jpg,3.95,Caucasian,Male
CM184.jpg,2.55,Caucasian,Male
AF1502.jpg,3.683333,Asian,Female
AM39.jpg,3.683333,Asian,Male
AM1059.jpg,2.016667,Asian,Male
CF186.jpg,2.4,Caucasian,Female
AM1443.jpg,2.316667,Asian,Male
AF1635.jpg,3.783333,Asian,Female
AF113.jpg,3.366667,Asian,Female
AF218.jpg,2.25,Asian,Female
CM573.jpg,2.816667,Caucasian,Male
AM1442.jpg,2.466667,Asian,Male
AM1840.jpg,3.35,Asian,Male
AM954.jpg,2.783333,Asian,Male
AF1371.jpg,3.633333,Asian,Female
CM557.jpg,2.616667,Caucasian,Male
AM1928.jpg,3.416667,Asian,Male
AF1042.jpg,3.116667,Asian,Female
CM403.jpg,3.183333,Caucasian,Male
AF120.jpg,2.366667,Asian,Female
CF37.jpg,2.516667,Caucasian,Female
AF1974.jpg,2.65,Asian,Female
AM1865.jpg,3.2,Asian,Male
AM71.jpg,3.566667,Asian,Male
AM435.jpg,2.183333,Asian,Male
AF1618.jpg,2.533333,Asian,Female
AM1352.jpg,2.633333,Asian,Male
AF408.jpg,3.1,Asian,Female
AM1671.jpg,4.216667,Asian,Male
AM931.jpg,2.75,Asian,Male
CF556.jpg,4.566667,Caucasian,Female
AF25.jpg,1.766667,Asian,Female
AF1538.jpg,4.033333,Asian,Female
AM36.jpg,4.366667,Asian,Male
AM936.jpg,2.283333,Asian,Male
AF55.jpg,2.25,Asian,Female
AF428.jpg,2.766667,Asian,Female
AF1117.jpg,1.966667,Asian,Female
AM1320.jpg,2.25,Asian,Male
AF300.jpg,4.183333,Asian,Female
AM1847.jpg,3.7,Asian,Male
CF415.jpg,2.683333,Caucasian,Female
AF441.jpg,3.0,Asian,Female
AM1921.jpg,2.85,Asian,Male
AM1618.jpg,3.883333,Asian,Male
CF314.jpg,1.916667,Caucasian,Female
AF1397.jpg,3.583333,Asian,Female
CM309.jpg,4.433333,Caucasian,Male
AF806.jpg,2.2,Asian,Female
AM1002.jpg,1.916667,Asian,Male
AM1828.jpg,2.6,Asian,Male
CM542.jpg,2.55,Caucasian,Male
AM870.jpg,1.6,Asian,Male
CM407.jpg,2.233333,Caucasian,Male
AM275.jpg,2.55,Asian,Male
AM183.jpg,2.966667,Asian,Male
CF52.jpg,2.516667,Caucasian,Female
AF1971.jpg,1.933333,Asian,Female
CM611.jpg,2.916667,Caucasian,Male
AM595.jpg,2.95,Asian,Male
AF1024.jpg,3.366667,Asian,Female
AM1997.jpg,4.433333,Asian,Male
CM159.jpg,2.3,Caucasian,Male
CF466.jpg,2.766667,Caucasian,Female
AM627.jpg,2.616667,Asian,Male
AF429.jpg,2.466667,Asian,Female
AM937.jpg,2.716667,Asian,Male
CM729.jpg,4.15,Caucasian,Male
AM227.jpg,2.416667,Asian,Male
AF1924.jpg,2.3,Asian,Female
AF835.jpg,2.783333,Asian,Female
AM124.jpg,4.45,Asian,Male
AM1152.jpg,2.033333,Asian,Male
AF944.jpg,4.0,Asian,Female
AF68.jpg,2.766667,Asian,Female
CM692.jpg,4.316667,Caucasian,Male
AF1163.jpg,3.133333,Asian,Female
AF269.jpg,3.666667,Asian,Female
CM209.jpg,2.75,Caucasian,Male
CF104.jpg,2.55,Caucasian,Female
CM199.jpg,2.45,Caucasian,Male
CM286.jpg,2.883333,Caucasian,Male
AM647.jpg,2.783333,Asian,Male
AM1576.jpg,4.316667,Asian,Male
CF267.jpg,2.766667,Caucasian,Female
CM608.jpg,3.333333,Caucasian,Male
AM655.jpg,2.85,Asian,Male
CF122.jpg,3.15,Caucasian,Female
CM630.jpg,2.633333,Caucasian,Male
AF54.jpg,2.216667,Asian,Female
CF131.jpg,3.266667,Caucasian,Female
AF182.jpg,2.316667,Asian,Female
AF1666.jpg,3.466667,Asian,Female
AM546.jpg,2.683333,Asian,Male
AM993.jpg,2.283333,Asian,Male
CF385.jpg,3.666667,Caucasian,Female
AM1862.jpg,3.966667,Asian,Male
AF1342.jpg,4.333333,Asian,Female
CM23.jpg,4.033333,Caucasian,Male
CM35.jpg,2.616667,Caucasian,Male
AM1273.jpg,2.766667,Asian,Male
CF673.jpg,4.183333,Caucasian,Female
CM334.jpg,2.366667,Caucasian,Male
CF11.jpg,4.366667,Caucasian,Female
AM1842.jpg,3.783333,Asian,Male
AF283.jpg,3.066667,Asian,Female
AF1053.jpg,2.666667,Asian,Female
AM1037.jpg,2.266667,Asian,Male
AF893.jpg,2.8,Asian,Female
AF1322.jpg,2.916667,Asian,Female
AM346.jpg,2.583333,Asian,Male
CM459.jpg,2.75,Caucasian,Male
AM1588.jpg,3.916667,Asian,Male
AF1599.jpg,3.466667,Asian,Female
AF1536.jpg,3.7,Asian,Female
CM579.jpg,2.733333,Caucasian,Male
AF1514.jpg,4.033333,Asian,Female
CM487.jpg,2.483333,Caucasian,Male
AM1772.jpg,3.4,Asian,Male
CM607.jpg,2.633333,Caucasian,Male
AM285.jpg,2.883333,Asian,Male
AF1753.jpg,3.266667,Asian,Female
AF731.jpg,3.966667,Asian,Female
CF23.jpg,4.166667,Caucasian,Female
AF1691.jpg,3.3,Asian,Female
AM620.jpg,2.75,Asian,Male
AF1709.jpg,3.266667,Asian,Female
AF62.jpg,2.633333,Asian,Female
AM1714.jpg,3.166667,Asian,Male
AM785.jpg,2.85,Asian,Male
CF417.jpg,2.583333,Caucasian,Female
AM1464.jpg,4.416667,Asian,Male
AM1251.jpg,2.85,Asian,Male
CM284.jpg,2.6,Caucasian,Male
CM700.jpg,4.5,Caucasian,Male
CM163.jpg,3.7,Caucasian,Male
AM1794.jpg,2.6,Asian,Male
AM1401.jpg,2.4,Asian,Male
AM700.jpg,2.366667,Asian,Male
CM545.jpg,2.333333,Caucasian,Male
CM635.jpg,2.716667,Caucasian,Male
AF1498.jpg,4.066667,Asian,Female
AM1824.jpg,2.85,Asian,Male
AF1526.jpg,4.2,Asian,Female
AF1794.jpg,3.333333,Asian,Female
AM1751.jpg,3.933333,Asian,Male
AM1519.jpg,2.316667,Asian,Male
AF1249.jpg,4.316667,Asian,Female
CF670.jpg,4.516667,Caucasian,Female
CM519.jpg,2.666667,Caucasian,Male
CF661.jpg,4.2,Caucasian,Female
CM289.jpg,2.716667,Caucasian,Male
CM680.jpg,3.266667,Caucasian,Male
CF549.jpg,4.416667,Caucasian,Female
AF1744.jpg,3.016667,Asian,Female
CF671.jpg,3.8,Caucasian,Female
AM1596.jpg,3.933333,Asian,Male
AM1492.jpg,2.783333,Asian,Male
AF483.jpg,2.766667,Asian,Female
AM1891.jpg,3.933333,Asian,Male
CM497.jpg,3.1,Caucasian,Male
AM804.jpg,2.816667,Asian,Male
AF94.jpg,2.866667,Asian,Female
CF34.jpg,4.433333,Caucasian,Female
CF367.jpg,3.15,Caucasian,Female
AM1350.jpg,2.316667,Asian,Male
AF72.jpg,2.316667,Asian,Female
AF50.jpg,2.583333,Asian,Female
AM127.jpg,3.9,Asian,Male
AF261.jpg,2.133333,Asian,Female
AF1933.jpg,3.116667,Asian,Female
CM600.jpg,2.5,Caucasian,Male
CF110.jpg,2.65,Caucasian,Female
AF947.jpg,3.35,Asian,Female
CF421.jpg,3.183333,Caucasian,Female
CF211.jpg,2.416667,Caucasian,Female
AF1027.jpg,3.983333,Asian,Female
CM639.jpg,4.183333,Caucasian,Male
AF1665.jpg,3.616667,Asian,Female
CM384.jpg,3.05,Caucasian,Male
AF294.jpg,2.55,Asian,Female
AF1838.jpg,3.516667,Asian,Female
AF185.jpg,2.15,Asian,Female
AF965.jpg,2.933333,Asian,Female
AF1739.jpg,2.283333,Asian,Female
AM922.jpg,2.633333,Asian,Male
AF933.jpg,3.983333,Asian,Female
AF1369.jpg,2.5,Asian,Female
AF422.jpg,2.366667,Asian,Female
AF1851.jpg,2.833333,Asian,Female
AM1674.jpg,4.233333,Asian,Male
AF1787.jpg,3.966667,Asian,Female
AM906.jpg,2.733333,Asian,Male
CF627.jpg,4.266667,Caucasian,Female
AM581.jpg,3.066667,Asian,Male
AF32.jpg,3.15,Asian,Female
CF607.jpg,3.65,Caucasian,Female
AM137.jpg,4.25,Asian,Male
AF1160.jpg,3.683333,Asian,Female
AF1445.jpg,3.9,Asian,Female
AF147.jpg,2.35,Asian,Female
AM1525.jpg,2.15,Asian,Male
CM254.jpg,2.833333,Caucasian,Male
AM605.jpg,2.383333,Asian,Male
AM268.jpg,3.016667,Asian,Male
CF337.jpg,2.616667,Caucasian,Female
CF597.jpg,4.466667,Caucasian,Female
AF1209.jpg,3.266667,Asian,Female
AM26.jpg,1.966667,Asian,Male
CF358.jpg,3.083333,Caucasian,Female
CM197.jpg,2.383333,Caucasian,Male
AM505.jpg,1.65,Asian,Male
AF87.jpg,2.333333,Asian,Female
AF1263.jpg,3.116667,Asian,Female
CF152.jpg,2.15,Caucasian,Female
AF1513.jpg,3.716667,Asian,Female
CM588.jpg,2.483333,Caucasian,Male
AF85.jpg,2.783333,Asian,Female
CF442.jpg,2.55,Caucasian,Female
AM687.jpg,2.616667,Asian,Male
AM828.jpg,2.583333,Asian,Male
AM1897.jpg,3.983333,Asian,Male
CF437.jpg,2.883333,Caucasian,Female
CF682.jpg,4.283333,Caucasian,Female
AM1296.jpg,2.666667,Asian,Male
AF1499.jpg,3.466667,Asian,Female
CM226.jpg,2.35,Caucasian,Male
AM1279.jpg,2.866667,Asian,Male
CF727.jpg,4.566667,Caucasian,Female
AF1133.jpg,3.233333,Asian,Female
CF73.jpg,2.4,Caucasian,Female
AF1792.jpg,3.883333,Asian,Female
CM267.jpg,3.083333,Caucasian,Male
AM1417.jpg,2.4,Asian,Male
AF1461.jpg,3.316667,Asian,Female
AM1024.jpg,3.15,Asian,Male
CM55.jpg,4.55,Caucasian,Male
AM1096.jpg,3.416667,Asian,Male
AM688.jpg,1.933333,Asian,Male
AF297.jpg,4.3,Asian,Female
CM661.jpg,3.9,Caucasian,Male
AM474.jpg,2.466667,Asian,Male
AM459.jpg,2.55,Asian,Male
AF324.jpg,2.833333,Asian,Female
AM1500.jpg,2.6,Asian,Male
CF397.jpg,2.85,Caucasian,Female
AM1145.jpg,4.25,Asian,Male
AF864.jpg,2.666667,Asian,Female
CF79.jpg,2.75,Caucasian,Female
AM1434.jpg,2.383333,Asian,Male
AM994.jpg,2.716667,Asian,Male
AM1211.jpg,2.1,Asian,Male
AF680.jpg,2.116667,Asian,Female
AF480.jpg,3.116667,Asian,Female
AM1431.jpg,2.716667,Asian,Male
CF452.jpg,3.016667,Caucasian,Female
AF168.jpg,2.55,Asian,Female
AM1486.jpg,2.583333,Asian,Male
AF152.jpg,2.683333,Asian,Female
AM222.jpg,1.85,Asian,Male
CF190.jpg,2.416667,Caucasian,Female
AF1804.jpg,3.65,Asian,Female
CF487.jpg,2.133333,Caucasian,Female
CM232.jpg,2.733333,Caucasian,Male
AF1726.jpg,4.316667,Asian,Female
CF44.jpg,2.633333,Caucasian,Female
AM27.jpg,4.05,Asian,Male
AM598.jpg,2.566667,Asian,Male
CF205.jpg,2.516667,Caucasian,Female
AF206.jpg,2.683333,Asian,Female
AF499.jpg,3.083333,Asian,Female
AF1754.jpg,3.9,Asian,Female
AF1913.jpg,2.833333,Asian,Female
CF656.jpg,3.45,Caucasian,Female
CM207.jpg,2.3,Caucasian,Male
CM572.jpg,3.583333,Caucasian,Male
AM633.jpg,2.733333,Asian,Male
AF1119.jpg,2.7,Asian,Female
AF177.jpg,1.733333,Asian,Female
AF21.jpg,2.516667,Asian,Female
AM676.jpg,2.8,Asian,Male
AF373.jpg,2.55,Asian,Female
AF468.jpg,2.683333,Asian,Female
AM1406.jpg,2.683333,Asian,Male
AM1330.jpg,2.833333,Asian,Male
AM462.jpg,2.45,Asian,Male
CF83.jpg,2.9,Caucasian,Female
AF1374.jpg,4.3,Asian,Female
CF719.jpg,4.6,Caucasian,Female
CF658.jpg,4.4,Caucasian,Female
AF1266.jpg,3.816667,Asian,Female
AF190.jpg,2.05,Asian,Female
AF1404.jpg,2.85,Asian,Female
CM164.jpg,2.883333,Caucasian,Male
AF311.jpg,2.533333,Asian,Female
AM1468.jpg,2.416667,Asian,Male
AF1522.jpg,2.0,Asian,Female
AF52.jpg,2.133333,Asian,Female
AM283.jpg,2.733333,Asian,Male
AM136.jpg,2.566667,Asian,Male
AF424.jpg,2.6,Asian,Female
CM25.jpg,2.95,Caucasian,Male
CM616.jpg,3.183333,Caucasian,Male
AM1161.jpg,2.65,Asian,Male
CM57.jpg,2.983333,Caucasian,Male
AM762.jpg,4.483333,Asian,Male
AF757.jpg,1.433333,Asian,Female
AM212.jpg,2.566667,Asian,Male
CM530.jpg,3.133333,Caucasian,Male
AM1094.jpg,2.75,Asian,Male
AM1061.jpg,2.65,Asian,Male
AM1577.jpg,2.65,Asian,Male
AM1138.jpg,2.583333,Asian,Male
AF1604.jpg,3.7,Asian,Female
AM723.jpg,2.25,Asian,Male
AM656.jpg,2.983333,Asian,Male
AM161.jpg,2.433333,Asian,Male
AM223.jpg,2.466667,Asian,Male
AF1394.jpg,3.283333,Asian,Female
AF977.jpg,3.583333,Asian,Female
AF1702.jpg,2.316667,Asian,Female
AF1847.jpg,3.4,Asian,Female
AF1865.jpg,3.216667,Asian,Female
CF359.jpg,2.766667,Caucasian,Female
AM1156.jpg,3.1,Asian,Male
CF199.jpg,2.516667,Caucasian,Female
AM1713.jpg,3.05,Asian,Male
AM609.jpg,2.433333,Asian,Male
AM1392.jpg,2.433333,Asian,Male
AM1305.jpg,2.75,Asian,Male
AM1277.jpg,2.216667,Asian,Male
AF1820.jpg,1.416667,Asian,Female
CM42.jpg,4.483333,Caucasian,Male
AM340.jpg,2.7,Asian,Male
AM506.jpg,2.55,Asian,Male
AF1259.jpg,2.666667,Asian,Female
AM1688.jpg,4.083333,Asian,Male
AM850.jpg,2.516667,Asian,Male
AM947.jpg,2.016667,Asian,Male
AF1222.jpg,3.7,Asian,Female
CF440.jpg,3.116667,Caucasian,Female
AF659.jpg,2.55,Asian,Female
AF1111.jpg,2.383333,Asian,Female
CM320.jpg,2.833333,Caucasian,Male
AF1253.jpg,4.35,Asian,Female
AF1969.jpg,3.1,Asian,Female
AM1149.jpg,1.816667,Asian,Male
AF775.jpg,2.483333,Asian,Female
CF163.jpg,3.3,Caucasian,Female
AM1974.jpg,3.616667,Asian,Male
AM90.jpg,1.883333,Asian,Male
CF310.jpg,2.65,Caucasian,Female
AM1680.jpg,3.35,Asian,Male
AF104.jpg,2.833333,Asian,Female
AF331.jpg,2.083333,Asian,Female
AF1825.jpg,4.016667,Asian,Female
AF328.jpg,2.85,Asian,Female
CF132.jpg,2.65,Caucasian,Female
AM1993.jpg,2.916667,Asian,Male
CM365.jpg,2.7,Caucasian,Male
AM985.jpg,3.233333,Asian,Male
AF405.jpg,2.8,Asian,Female
AM242.jpg,2.116667,Asian,Male
AF1672.jpg,3.2,Asian,Female
AM100.jpg,2.016667,Asian,Male
CF242.jpg,4.516667,Caucasian,Female
AF1593.jpg,4.15,Asian,Female
AF533.jpg,2.8,Asian,Female
CF541.jpg,3.7,Caucasian,Female
AF1648.jpg,3.2,Asian,Female
AF882.jpg,4.133333,Asian,Female
CF372.jpg,3.25,Caucasian,Female
AF1803.jpg,3.516667,Asian,Female
AF1375.jpg,3.383333,Asian,Female
AM623.jpg,2.783333,Asian,Male
CF454.jpg,2.383333,Caucasian,Female
AF124.jpg,2.566667,Asian,Female
CM512.jpg,2.633333,Caucasian,Male
AM753.jpg,2.45,Asian,Male
AF1591.jpg,3.7,Asian,Female
CF606.jpg,3.916667,Caucasian,Female
AF34.jpg,2.233333,Asian,Female
AF105.jpg,4.033333,Asian,Female
AM1571.jpg,3.666667,Asian,Male
AF131.jpg,2.816667,Asian,Female
AM1200.jpg,2.783333,Asian,Male
AM1300.jpg,2.3,Asian,Male
AF1763.jpg,3.8,Asian,Female
AM1918.jpg,3.133333,Asian,Male
AM854.jpg,2.5,Asian,Male
CM195.jpg,2.283333,Caucasian,Male
CF353.jpg,3.133333,Caucasian,Female
CM516.jpg,2.866667,Caucasian,Male
AM626.jpg,2.9,Asian,Male
AM338.jpg,3.683333,Asian,Male
AF1454.jpg,2.733333,Asian,Female
AF201.jpg,2.95,Asian,Female
CM33.jpg,2.883333,Caucasian,Male
AF119.jpg,2.266667,Asian,Female
AF1020.jpg,2.866667,Asian,Female
AF1997.jpg,1.433333,Asian,Female
AF1791.jpg,3.9,Asian,Female
CF255.jpg,2.15,Caucasian,Female
CM136.jpg,2.583333,Caucasian,Male
CM743.jpg,4.016667,Caucasian,Male
AM1837.jpg,4.65,Asian,Male
AM1696.jpg,4.466667,Asian,Male
AF462.jpg,2.65,Asian,Female
AF1165.jpg,3.066667,Asian,Female
AM1074.jpg,2.6,Asian,Male
AF244.jpg,4.216667,Asian,Female
AM491.jpg,2.4,Asian,Male
AF959.jpg,3.35,Asian,Female
AM920.jpg,2.233333,Asian,Male
AM1132.jpg,1.966667,Asian,Male
AM1902.jpg,3.466667,Asian,Male
CM115.jpg,2.866667,Caucasian,Male
AM624.jpg,2.3,Asian,Male
AF1352.jpg,3.466667,Asian,Female
AM1304.jpg,2.383333,Asian,Male
CF532.jpg,3.033333,Caucasian,Female
CF609.jpg,4.7,Caucasian,Female
AM1.jpg,3.95,Asian,Male
AM978.jpg,2.666667,Asian,Male
AF1479.jpg,3.9,Asian,Female
AM408.jpg,2.3,Asian,Male
AF1995.jpg,1.316667,Asian,Female
CM672.jpg,3.966667,Caucasian,Male
AF148.jpg,1.916667,Asian,Female
CM394.jpg,2.75,Caucasian,Male
AF459.jpg,2.083333,Asian,Female
AF926.jpg,3.933333,Asian,Female
AM692.jpg,2.433333,Asian,Male
AF1956.jpg,3.516667,Asian,Female
CM418.jpg,2.333333,Caucasian,Male
AM1975.jpg,4.45,Asian,Male
AF1887.jpg,3.916667,Asian,Female
AM1329.jpg,2.7,Asian,Male
AM1176.jpg,1.95,Asian,Male
CF263.jpg,2.15,Caucasian,Female
CM714.jpg,4.083333,Caucasian,Male
AF993.jpg,2.65,Asian,Female
AF411.jpg,2.416667,Asian,Female
AM792.jpg,2.1,Asian,Male
AF63.jpg,1.783333,Asian,Female
AF1349.jpg,2.383333,Asian,Female
CF657.jpg,3.8,Caucasian,Female
CF632.jpg,3.666667,Caucasian,Female
AM1214.jpg,2.833333,Asian,Male
AM1878.jpg,3.95,Asian,Male
AF159.jpg,2.783333,Asian,Female
AF1023.jpg,3.4,Asian,Female
AF1424.jpg,2.983333,Asian,Female
AM1090.jpg,2.166667,Asian,Male
CM529.jpg,2.333333,Caucasian,Male
CF99.jpg,3.983333,Caucasian,Female
AF430.jpg,2.816667,Asian,Female
AM836.jpg,2.816667,Asian,Male
CF588.jpg,3.55,Caucasian,Female
CM428.jpg,2.966667,Caucasian,Male
AF1581.jpg,4.116667,Asian,Female
AM1461.jpg,3.65,Asian,Male
AF840.jpg,3.733333,Asian,Female
CF560.jpg,3.283333,Caucasian,Female
AF1432.jpg,3.216667,Asian,Female
AF814.jpg,2.916667,Asian,Female
AM1968.jpg,4.233333,Asian,Male
AF1993.jpg,3.9,Asian,Female
CM724.jpg,3.55,Caucasian,Male
AM820.jpg,2.85,Asian,Male
AF1833.jpg,3.55,Asian,Female
AM147.jpg,3.816667,Asian,Male
AM246.jpg,2.833333,Asian,Male
AM830.jpg,2.483333,Asian,Male
CF33.jpg,3.433333,Caucasian,Female
CM427.jpg,1.716667,Caucasian,Male
AF1954.jpg,2.783333,Asian,Female
AM1630.jpg,4.083333,Asian,Male
AF1751.jpg,3.65,Asian,Female
AF140.jpg,2.016667,Asian,Female
AF544.jpg,2.216667,Asian,Female
AF1561.jpg,3.95,Asian,Female
AM454.jpg,2.4,Asian,Male
CF449.jpg,2.6,Caucasian,Female
AM1373.jpg,2.066667,Asian,Male
AF1576.jpg,3.35,Asian,Female
AF732.jpg,2.733333,Asian,Female
AM14.jpg,4.133333,Asian,Male
AM1335.jpg,2.833333,Asian,Male
AF1495.jpg,4.033333,Asian,Female
AF1501.jpg,3.933333,Asian,Female
AM766.jpg,2.6,Asian,Male
AM1612.jpg,3.9,Asian,Male
AM685.jpg,2.883333,Asian,Male
AF1146.jpg,3.1,Asian,Female
CM559.jpg,2.35,Caucasian,Male
AM5.jpg,2.3,Asian,Male
CF514.jpg,2.283333,Caucasian,Female
CM200.jpg,3.566667,Caucasian,Male
CM490.jpg,3.416667,Caucasian,Male
AF187.jpg,3.116667,Asian,Female
AF1073.jpg,2.666667,Asian,Female
AF1115.jpg,4.016667,Asian,Female
AF1256.jpg,2.35,Asian,Female
CF601.jpg,3.516667,Caucasian,Female
AM318.jpg,3.566667,Asian,Male
AM1712.jpg,4.333333,Asian,Male
CF636.jpg,4.316667,Caucasian,Female
AM199.jpg,3.883333,Asian,Male
AF440.jpg,2.583333,Asian,Female
AM663.jpg,2.666667,Asian,Male
AF1862.jpg,3.033333,Asian,Female
AF436.jpg,2.05,Asian,Female
AF273.jpg,2.533333,Asian,Female
CF351.jpg,2.3,Caucasian,Female
AM301.jpg,2.616667,Asian,Male
AF15.jpg,2.8,Asian,Female
AM989.jpg,2.516667,Asian,Male
AF378.jpg,2.933333,Asian,Female
AF1436.jpg,2.933333,Asian,Female
AF1597.jpg,3.75,Asian,Female
AM437.jpg,2.333333,Asian,Male
CF165.jpg,1.916667,Caucasian,Female
CM294.jpg,2.533333,Caucasian,Male
AM1237.jpg,2.566667,Asian,Male
AF299.jpg,2.25,Asian,Female
AM369.jpg,2.8,Asian,Male
AF1764.jpg,3.566667,Asian,Female
AF630.jpg,3.783333,Asian,Female
AM481.jpg,2.55,Asian,Male
CM667.jpg,4.333333,Caucasian,Male
AF545.jpg,3.883333,Asian,Female
AM1605.jpg,4.55,Asian,Male
AM1749.jpg,3.033333,Asian,Male
AF16.jpg,2.1,Asian,Female
CM322.jpg,3.016667,Caucasian,Male
CF179.jpg,2.516667,Caucasian,Female
CM186.jpg,4.116667,Caucasian,Male
AF694.jpg,1.616667,Asian,Female
CF386.jpg,3.066667,Caucasian,Female
AM1337.jpg,2.533333,Asian,Male
AF1737.jpg,3.716667,Asian,Female
CF202.jpg,2.733333,Caucasian,Female
AF886.jpg,2.25,Asian,Female
CF342.jpg,3.05,Caucasian,Female
CF182.jpg,2.666667,Caucasian,Female
AM189.jpg,3.733333,Asian,Male
AF1998.jpg,2.733333,Asian,Female
AM563.jpg,2.883333,Asian,Male
AM167.jpg,2.533333,Asian,Male
CM107.jpg,3.083333,Caucasian,Male
CM489.jpg,2.75,Caucasian,Male
AF1710.jpg,3.716667,Asian,Female
AF786.jpg,2.85,Asian,Female
AM1836.jpg,4.066667,Asian,Male
AM1509.jpg,1.85,Asian,Male
AF1624.jpg,3.15,Asian,Female
AF807.jpg,2.966667,Asian,Female
AF1396.jpg,4.05,Asian,Female
AF1372.jpg,3.133333,Asian,Female
AF1966.jpg,3.8,Asian,Female
AF685.jpg,4.366667,Asian,Female
AF1095.jpg,2.666667,Asian,Female
AM331.jpg,2.383333,Asian,Male
AF609.jpg,2.466667,Asian,Female
AM1848.jpg,2.366667,Asian,Male
CM547.jpg,2.75,Caucasian,Male
AF319.jpg,3.016667,Asian,Female
AM1413.jpg,2.833333,Asian,Male
AF1503.jpg,2.916667,Asian,Female
AM425.jpg,2.7,Asian,Male
CF219.jpg,2.15,Caucasian,Female
CF680.jpg,3.916667,Caucasian,Female
AM240.jpg,4.033333,Asian,Male
CM299.jpg,2.8,Caucasian,Male
AM1517.jpg,2.383333,Asian,Male
CM390.jpg,3.116667,Caucasian,Male
CF650.jpg,4.0,Caucasian,Female
AF1321.jpg,1.816667,Asian,Female
AF463.jpg,2.316667,Asian,Female
CM727.jpg,4.1,Caucasian,Male
AF1039.jpg,4.2,Asian,Female
AF736.jpg,2.15,Asian,Female
CF265.jpg,2.266667,Caucasian,Female
CF525.jpg,2.133333,Caucasian,Female
AF320.jpg,2.333333,Asian,Female
AM1533.jpg,1.833333,Asian,Male
AF1596.jpg,3.066667,Asian,Female
CM117.jpg,2.55,Caucasian,Male
CF701.jpg,4.0,Caucasian,Female
AF988.jpg,2.433333,Asian,Female
AF1417.jpg,3.75,Asian,Female
AF417.jpg,2.933333,Asian,Female
AF1747.jpg,3.6,Asian,Female
AM1926.jpg,3.616667,Asian,Male
CM467.jpg,3.283333,Caucasian,Male
CF268.jpg,3.1,Caucasian,Female
AF233.jpg,2.933333,Asian,Female
AF1493.jpg,3.216667,Asian,Female
AM32.jpg,3.683333,Asian,Male
CM91.jpg,2.15,Caucasian,Male
AF161.jpg,1.95,Asian,Female
CF583.jpg,4.183333,Caucasian,Female
AF1462.jpg,3.933333,Asian,Female
AM499.jpg,1.866667,Asian,Male
AF571.jpg,2.9,Asian,Female
AM1949.jpg,3.416667,Asian,Male
AM1035.jpg,2.066667,Asian,Male
AF1745.jpg,2.966667,Asian,Female
CM183.jpg,3.816667,Caucasian,Male
AM151.jpg,4.033333,Asian,Male
AF1245.jpg,2.833333,Asian,Female
AF1238.jpg,3.2,Asian,Female
AM1193.jpg,2.866667,Asian,Male
AM1062.jpg,2.683333,Asian,Male
AM697.jpg,2.966667,Asian,Male
AM495.jpg,2.033333,Asian,Male
AM982.jpg,2.683333,Asian,Male
CF654.jpg,4.116667,Caucasian,Female
AM860.jpg,2.833333,Asian,Male
AF1472.jpg,3.8,Asian,Female
AM1554.jpg,2.7,Asian,Male
AM467.jpg,2.35,Asian,Male
CM395.jpg,2.65,Caucasian,Male
AF1516.jpg,3.466667,Asian,Female
CF71.jpg,2.883333,Caucasian,Female
AM1851.jpg,4.066667,Asian,Male
CM645.jpg,3.633333,Caucasian,Male
CF610.jpg,4.316667,Caucasian,Female
AF1749.jpg,3.166667,Asian,Female
AM565.jpg,2.35,Asian,Male
AM1022.jpg,1.983333,Asian,Male
AF1845.jpg,1.966667,Asian,Female
CF366.jpg,2.716667,Caucasian,Female
AF1822.jpg,4.183333,Asian,Female
AM1887.jpg,4.333333,Asian,Male
CF338.jpg,2.783333,Caucasian,Female
AM643.jpg,2.95,Asian,Male
CM575.jpg,2.666667,Caucasian,Male
AM821.jpg,1.916667,Asian,Male
CM391.jpg,2.65,Caucasian,Male
AM1963.jpg,4.416667,Asian,Male
CM392.jpg,2.7,Caucasian,Male
CF745.jpg,3.45,Caucasian,Female
AM537.jpg,2.65,Asian,Male
AF366.jpg,2.766667,Asian,Female
AF270.jpg,1.466667,Asian,Female
AF919.jpg,2.65,Asian,Female
AM413.jpg,3.25,Asian,Male
CF506.jpg,3.083333,Caucasian,Female
AM1927.jpg,3.833333,Asian,Male
CF6.jpg,4.283333,Caucasian,Female
AM1767.jpg,2.1,Asian,Male
CF318.jpg,2.45,Caucasian,Female
AF461.jpg,2.35,Asian,Female
AF74.jpg,2.183333,Asian,Female
AF229.jpg,2.933333,Asian,Female
AF519.jpg,2.783333,Asian,Female
AM1455.jpg,1.75,Asian,Male
AF1661.jpg,3.683333,Asian,Female
CM580.jpg,2.366667,Caucasian,Male
AM427.jpg,2.65,Asian,Male
AM368.jpg,2.483333,Asian,Male
AM294.jpg,2.65,Asian,Male
AM208.jpg,4.216667,Asian,Male
AM905.jpg,2.883333,Asian,Male
CM658.jpg,3.45,Caucasian,Male
AF753.jpg,4.016667,Asian,Female
AF1671.jpg,3.5,Asian,Female
AF1348.jpg,3.916667,Asian,Female
CM220.jpg,2.85,Caucasian,Male
AM104.jpg,3.75,Asian,Male
AF819.jpg,2.966667,Asian,Female
CM633.jpg,2.466667,Caucasian,Male
AF1681.jpg,2.716667,Asian,Female
AF1028.jpg,2.133333,Asian,Female
CF433.jpg,2.233333,Caucasian,Female
AF827.jpg,2.933333,Asian,Female
AF290.jpg,2.466667,Asian,Female
AF1088.jpg,3.866667,Asian,Female
AM306.jpg,3.066667,Asian,Male
AF1732.jpg,4.2,Asian,Female
AM1506.jpg,2.633333,Asian,Male
AM1905.jpg,3.283333,Asian,Male
AF412.jpg,3.066667,Asian,Female
AF9.jpg,2.15,Asian,Female
CF340.jpg,2.35,Caucasian,Female
CF496.jpg,1.85,Caucasian,Female
CF490.jpg,2.8,Caucasian,Female
AF598.jpg,2.35,Asian,Female
CM618.jpg,3.016667,Caucasian,Male
AM502.jpg,2.633333,Asian,Male
AF1868.jpg,3.5,Asian,Female
CM281.jpg,3.133333,Caucasian,Male
CM472.jpg,2.85,Caucasian,Male
AF1211.jpg,4.166667,Asian,Female
AF514.jpg,2.183333,Asian,Female
AF1192.jpg,2.983333,Asian,Female
AF1687.jpg,3.733333,Asian,Female
AM1499.jpg,2.733333,Asian,Male
AF395.jpg,4.033333,Asian,Female
AF321.jpg,2.416667,Asian,Female
AF1402.jpg,3.833333,Asian,Female
AM80.jpg,3.3,Asian,Male
CF687.jpg,4.166667,Caucasian,Female
AF1781.jpg,3.55,Asian,Female
AF954.jpg,4.0,Asian,Female
AF555.jpg,2.783333,Asian,Female
AM888.jpg,2.533333,Asian,Male
CF401.jpg,2.683333,Caucasian,Female
CM725.jpg,3.566667,Caucasian,Male
AF194.jpg,2.783333,Asian,Female
CF723.jpg,3.333333,Caucasian,Female
AM1829.jpg,3.1,Asian,Male
AF1830.jpg,4.066667,Asian,Female
CF407.jpg,2.616667,Caucasian,Female
AM798.jpg,3.066667,Asian,Male
AF658.jpg,2.8,Asian,Female
AF942.jpg,4.083333,Asian,Female
AF1309.jpg,3.766667,Asian,Female
CF438.jpg,2.216667,Caucasian,Female
AF1717.jpg,3.883333,Asian,Female
AM1269.jpg,2.3,Asian,Male
AM914.jpg,2.483333,Asian,Male
AF1680.jpg,3.683333,Asian,Female
AM1263.jpg,2.466667,Asian,Male
AF716.jpg,1.5,Asian,Female
AM1206.jpg,2.266667,Asian,Male
AF726.jpg,3.0,Asian,Female
CF174.jpg,3.05,Caucasian,Female
AF338.jpg,3.1,Asian,Female
AM1675.jpg,4.116667,Asian,Male
AF225.jpg,3.716667,Asian,Female
AF1467.jpg,3.716667,Asian,Female
AF1314.jpg,2.75,Asian,Female
AM1418.jpg,2.5,Asian,Male
CF615.jpg,3.883333,Caucasian,Female
CF240.jpg,2.85,Caucasian,Female
AF374.jpg,2.283333,Asian,Female
CM702.jpg,3.383333,Caucasian,Male
CM360.jpg,3.433333,Caucasian,Male
AM60.jpg,3.3,Asian,Male
AF1380.jpg,2.366667,Asian,Female
AM1158.jpg,2.866667,Asian,Male
AM1319.jpg,2.533333,Asian,Male
AM1722.jpg,3.183333,Asian,Male
CF300.jpg,2.216667,Caucasian,Female
AM597.jpg,2.666667,Asian,Male
AF1826.jpg,4.066667,Asian,Female
AF633.jpg,3.6,Asian,Female
CF192.jpg,3.05,Caucasian,Female
CM447.jpg,2.683333,Caucasian,Male
AF1894.jpg,4.416667,Asian,Female
AF250.jpg,2.716667,Asian,Female
AF1981.jpg,3.766667,Asian,Female
AF1864.jpg,3.933333,Asian,Female
AF1707.jpg,3.1,Asian,Female
CM12.jpg,4.45,Caucasian,Male
AM1771.jpg,3.533333,Asian,Male
AM539.jpg,2.4,Asian,Male
AM363.jpg,2.45,Asian,Male
AF116.jpg,1.983333,Asian,Female
CF27.jpg,4.5,Caucasian,Female
AM1033.jpg,2.0,Asian,Male
CM165.jpg,2.633333,Caucasian,Male
AM292.jpg,2.55,Asian,Male
CF527.jpg,2.75,Caucasian,Female
AF237.jpg,2.9,Asian,Female
AM543.jpg,2.75,Asian,Male
AM1105.jpg,2.333333,Asian,Male
CF51.jpg,2.483333,Caucasian,Female
AM1743.jpg,3.283333,Asian,Male
CM342.jpg,2.45,Caucasian,Male
CF93.jpg,3.633333,Caucasian,Female
CF22.jpg,3.666667,Caucasian,Female
CF693.jpg,3.983333,Caucasian,Female
CM362.jpg,2.6,Caucasian,Male
AF1070.jpg,2.5,Asian,Female
CM61.jpg,2.05,Caucasian,Male
AM196.jpg,2.666667,Asian,Male
CM49.jpg,2.466667,Caucasian,Male
CM224.jpg,2.95,Caucasian,Male
CF750.jpg,3.6,Caucasian,Female
AM29.jpg,3.566667,Asian,Male
CF32.jpg,1.983333,Caucasian,Female
AM896.jpg,2.3,Asian,Male
CF241.jpg,2.4,Caucasian,Female
AF526.jpg,3.116667,Asian,Female
AF576.jpg,2.55,Asian,Female
AF890.jpg,3.3,Asian,Female
AF197.jpg,1.95,Asian,Female
AM179.jpg,2.433333,Asian,Male
CM345.jpg,2.483333,Caucasian,Male
CF519.jpg,2.633333,Caucasian,Female
AM480.jpg,2.85,Asian,Male
AM1027.jpg,2.283333,Asian,Male
AF150.jpg,2.466667,Asian,Female
CM689.jpg,4.433333,Caucasian,Male
AF84.jpg,2.833333,Asian,Female
AF1141.jpg,3.15,Asian,Female
AM1092.jpg,3.45,Asian,Male
AF588.jpg,3.016667,Asian,Female
AM586.jpg,2.65,Asian,Male
AF144.jpg,2.016667,Asian,Female
AM1705.jpg,3.433333,Asian,Male
AM1384.jpg,2.466667,Asian,Male
AM207.jpg,2.416667,Asian,Male
AM47.jpg,3.016667,Asian,Male
CF726.jpg,3.65,Caucasian,Female
AM1798.jpg,3.016667,Asian,Male
AF393.jpg,2.766667,Asian,Female
AF654.jpg,2.516667,Asian,Female
AM1104.jpg,1.983333,Asian,Male
CM22.jpg,4.166667,Caucasian,Male
AM708.jpg,1.966667,Asian,Male
CM750.jpg,3.216667,Caucasian,Male
AF1032.jpg,3.316667,Asian,Female
AF1277.jpg,3.716667,Asian,Female
AM1302.jpg,2.416667,Asian,Male
AF342.jpg,2.683333,Asian,Female
CF261.jpg,3.0,Caucasian,Female
AM616.jpg,3.016667,Asian,Male
AM1050.jpg,3.033333,Asian,Male
CF209.jpg,3.05,Caucasian,Female
AM1879.jpg,3.766667,Asian,Male
AF505.jpg,2.683333,Asian,Female
CM464.jpg,2.1,Caucasian,Male
CF208.jpg,2.616667,Caucasian,Female
CM693.jpg,3.833333,Caucasian,Male
AM457.jpg,2.6,Asian,Male
AM50.jpg,3.45,Asian,Male
CM307.jpg,2.433333,Caucasian,Male
CM192.jpg,2.9,Caucasian,Male
AM1893.jpg,4.033333,Asian,Male
AM1939.jpg,3.8,Asian,Male
CF369.jpg,2.55,Caucasian,Female
AF82.jpg,2.5,Asian,Female
CM2.jpg,3.7,Caucasian,Male
AM1195.jpg,1.966667,Asian,Male
AF1748.jpg,3.883333,Asian,Female
AF869.jpg,3.916667,Asian,Female
CF236.jpg,2.116667,Caucasian,Female
AM760.jpg,2.316667,Asian,Male
AF1821.jpg,3.483333,Asian,Female
CF87.jpg,2.066667,Caucasian,Female
CF420.jpg,3.7,Caucasian,Female
AF1476.jpg,4.283333,Asian,Female
CM369.jpg,2.983333,Caucasian,Male
CM160.jpg,4.5,Caucasian,Male
CM665.jpg,4.483333,Caucasian,Male
AM1198.jpg,2.583333,Asian,Male
CF223.jpg,2.483333,Caucasian,Female
AM249.jpg,2.433333,Asian,Male
AM233.jpg,2.8,Asian,Male
CF402.jpg,2.266667,Caucasian,Female
AM856.jpg,2.216667,Asian,Male
CF647.jpg,4.166667,Caucasian,Female
AM1732.jpg,3.966667,Asian,Male
AM851.jpg,2.45,Asian,Male
CM402.jpg,2.783333,Caucasian,Male
AF1009.jpg,3.866667,Asian,Female
AF1485.jpg,2.95,Asian,Female
AM1932.jpg,3.0,Asian,Male
AM689.jpg,2.9,Asian,Male
CF562.jpg,4.0,Caucasian,Female
AF1403.jpg,4.266667,Asian,Female
AM1685.jpg,4.1,Asian,Male
CM221.jpg,3.05,Caucasian,Male
CF77.jpg,3.2,Caucasian,Female
AF1091.jpg,2.916667,Asian,Female
AM1123.jpg,2.15,Asian,Male
AF693.jpg,2.783333,Asian,Female
AF1257.jpg,4.2,Asian,Female
AM769.jpg,2.883333,Asian,Male
AM932.jpg,2.35,Asian,Male
AF1831.jpg,2.866667,Asian,Female
AF1632.jpg,3.433333,Asian,Female
CM710.jpg,4.433333,Caucasian,Male
AM1746.jpg,4.216667,Asian,Male
CF644.jpg,3.9,Caucasian,Female
AF1029.jpg,3.95,Asian,Female
AF534.jpg,2.433333,Asian,Female
AM1781.jpg,2.95,Asian,Male
AF860.jpg,3.8,Asian,Female
CF734.jpg,3.9,Caucasian,Female
AM567.jpg,2.466667,Asian,Male
CM469.jpg,2.883333,Caucasian,Male
AM1048.jpg,2.533333,Asian,Male
AM725.jpg,2.95,Asian,Male
CF327.jpg,2.716667,Caucasian,Female
AM1249.jpg,2.416667,Asian,Male
AM330.jpg,2.783333,Asian,Male
CM531.jpg,3.333333,Caucasian,Male
AF296.jpg,2.816667,Asian,Female
CM59.jpg,3.466667,Caucasian,Male
AM827.jpg,2.8,Asian,Male
AM1560.jpg,2.833333,Asian,Male
AM1856.jpg,4.3,Asian,Male
AF1901.jpg,4.15,Asian,Female
AM352.jpg,2.933333,Asian,Male
AF722.jpg,4.2,Asian,Female
CM570.jpg,3.05,Caucasian,Male
AM1573.jpg,2.916667,Asian,Male
AF1877.jpg,4.05,Asian,Female
AF377.jpg,2.116667,Asian,Female
CM37.jpg,2.75,Caucasian,Male
AF1379.jpg,2.733333,Asian,Female
CM153.jpg,2.1,Caucasian,Male
CM247.jpg,2.766667,Caucasian,Male
AF29.jpg,3.05,Asian,Female
AM732.jpg,2.183333,Asian,Male
AF385.jpg,2.483333,Asian,Female
AF1290.jpg,2.983333,Asian,Female
AM270.jpg,2.733333,Asian,Male
AF1103.jpg,3.05,Asian,Female
AF1925.jpg,3.35,Asian,Female
AM1516.jpg,2.183333,Asian,Male
AM1580.jpg,4.05,Asian,Male
CF229.jpg,2.666667,Caucasian,Female
AF1381.jpg,3.633333,Asian,Female
AF234.jpg,2.3,Asian,Female
CF710.jpg,3.916667,Caucasian,Female
AF528.jpg,2.916667,Asian,Female
AF951.jpg,2.983333,Asian,Female
AF1721.jpg,2.933333,Asian,Female
AM1308.jpg,2.333333,Asian,Male
CM368.jpg,2.866667,Caucasian,Male
CF547.jpg,3.583333,Caucasian,Female
AF423.jpg,2.95,Asian,Female
AF1551.jpg,3.616667,Asian,Female
AM1484.jpg,2.533333,Asian,Male
CM287.jpg,3.016667,Caucasian,Male
AM1456.jpg,2.85,Asian,Male
AM1981.jpg,3.883333,Asian,Male
CM97.jpg,3.05,Caucasian,Male
AF932.jpg,3.133333,Asian,Female
AF1758.jpg,2.883333,Asian,Female
CF68.jpg,3.6,Caucasian,Female
AF952.jpg,3.266667,Asian,Female
AF1889.jpg,3.833333,Asian,Female
CF64.jpg,3.166667,Caucasian,Female
AF686.jpg,2.6,Asian,Female
AM552.jpg,2.416667,Asian,Male
AM907.jpg,2.783333,Asian,Male
AM433.jpg,2.2,Asian,Male
CF381.jpg,2.466667,Caucasian,Female
AF1566.jpg,3.75,Asian,Female
CF188.jpg,2.966667,Caucasian,Female
CM314.jpg,2.6,Caucasian,Male
AM1909.jpg,2.733333,Asian,Male
CF552.jpg,4.3,Caucasian,Female
AM622.jpg,1.75,Asian,Male
CF135.jpg,2.016667,Caucasian,Female
CF635.jpg,4.266667,Caucasian,Female
CM372.jpg,2.616667,Caucasian,Male
AF470.jpg,3.616667,Asian,Female
AF347.jpg,2.716667,Asian,Female
AM310.jpg,3.583333,Asian,Male
AM737.jpg,2.916667,Asian,Male
AM308.jpg,3.866667,Asian,Male
AM602.jpg,2.733333,Asian,Male
AF1897.jpg,3.95,Asian,Female
CM525.jpg,2.866667,Caucasian,Male
CM606.jpg,3.316667,Caucasian,Male
AM1489.jpg,2.25,Asian,Male
AM781.jpg,2.866667,Asian,Male
CF57.jpg,3.65,Caucasian,Female
AF1823.jpg,3.766667,Asian,Female
AM1546.jpg,2.5,Asian,Male
AF552.jpg,2.866667,Asian,Female
AF1173.jpg,2.216667,Asian,Female
CF441.jpg,2.55,Caucasian,Female
CF611.jpg,4.316667,Caucasian,Female
AF174.jpg,2.083333,Asian,Female
AF466.jpg,2.95,Asian,Female
CF418.jpg,2.583333,Caucasian,Female
AM56.jpg,3.65,Asian,Male
CM535.jpg,3.5,Caucasian,Male
AF1694.jpg,3.65,Asian,Female
CF446.jpg,2.333333,Caucasian,Female
CM527.jpg,2.366667,Caucasian,Male
AF1601.jpg,4.483333,Asian,Female
CM705.jpg,4.15,Caucasian,Male
AF617.jpg,2.483333,Asian,Female
AF943.jpg,2.383333,Asian,Female
AM1356.jpg,2.383333,Asian,Male
AF98.jpg,2.0,Asian,Female
AF644.jpg,2.6,Asian,Female
CM196.jpg,2.966667,Caucasian,Male
AF1155.jpg,2.766667,Asian,Female
AM738.jpg,2.833333,Asian,Male
AF1128.jpg,2.533333,Asian,Female
AF1801.jpg,3.866667,Asian,Female
AM1802.jpg,4.383333,Asian,Male
AF1964.jpg,4.216667,Asian,Female
CF116.jpg,2.883333,Caucasian,Female
AM1579.jpg,4.283333,Asian,Male
CM543.jpg,2.3,Caucasian,Male
AF812.jpg,3.916667,Asian,Female
AM1654.jpg,3.533333,Asian,Male
CF486.jpg,2.633333,Caucasian,Female
CM707.jpg,4.25,Caucasian,Male
AM1225.jpg,2.383333,Asian,Male
AF1828.jpg,4.083333,Asian,Female
AM1190.jpg,3.05,Asian,Male
AF1703.jpg,4.016667,Asian,Female
AF650.jpg,2.45,Asian,Female
AM999.jpg,2.366667,Asian,Male
AM220.jpg,2.133333,Asian,Male
AM164.jpg,2.0,Asian,Male
CF493.jpg,2.733333,Caucasian,Female
AF805.jpg,2.45,Asian,Female
AM1386.jpg,3.266667,Asian,Male
AF418.jpg,2.733333,Asian,Female
AM1240.jpg,2.3,Asian,Male
CM53.jpg,3.016667,Caucasian,Male
AF853.jpg,2.516667,Asian,Female
AF1688.jpg,4.266667,Asian,Female
CM275.jpg,2.5,Caucasian,Male
AM282.jpg,1.666667,Asian,Male
AF289.jpg,2.266667,Asian,Female
AM180.jpg,2.6,Asian,Male
AM1361.jpg,2.35,Asian,Male
AM1266.jpg,3.133333,Asian,Male
AM735.jpg,1.783333,Asian,Male
CM127.jpg,3.65,Caucasian,Male
AF277.jpg,2.616667,Asian,Female
AF344.jpg,2.533333,Asian,Female
AF224.jpg,2.683333,Asian,Female
CF709.jpg,3.866667,Caucasian,Female
AF1573.jpg,3.583333,Asian,Female
CF105.jpg,2.75,Caucasian,Female
AF1578.jpg,2.766667,Asian,Female
AF1564.jpg,3.983333,Asian,Female
AM236.jpg,1.733333,Asian,Male
AF579.jpg,2.516667,Asian,Female
AM130.jpg,3.666667,Asian,Male
CF659.jpg,4.45,Caucasian,Female
CF86.jpg,2.666667,Caucasian,Female
AF1441.jpg,2.95,Asian,Female
AF1985.jpg,4.183333,Asian,Female
CF296.jpg,3.166667,Caucasian,Female
AF1271.jpg,3.333333,Asian,Female
CF162.jpg,1.833333,Caucasian,Female
CF737.jpg,3.9,Caucasian,Female
AF88.jpg,2.4,Asian,Female
CM449.jpg,2.983333,Caucasian,Male
AM305.jpg,4.216667,Asian,Male
AM471.jpg,2.416667,Asian,Male
AF134.jpg,2.316667,Asian,Female
AM1864.jpg,3.983333,Asian,Male
AM113.jpg,3.3,Asian,Male
CF294.jpg,2.666667,Caucasian,Female
AM1213.jpg,2.216667,Asian,Male
AF1334.jpg,3.766667,Asian,Female
CM628.jpg,2.6,Caucasian,Male
CF706.jpg,4.3,Caucasian,Female
AF660.jpg,2.5,Asian,Female
AM1264.jpg,3.0,Asian,Male
AM1849.jpg,2.9,Asian,Male
AF1915.jpg,3.466667,Asian,Female
CF621.jpg,3.95,Caucasian,Female
CF473.jpg,3.1,Caucasian,Female
AM45.jpg,4.266667,Asian,Male
AF1523.jpg,3.8,Asian,Female
AM1656.jpg,3.633333,Asian,Male
AF1302.jpg,3.633333,Asian,Female
AM409.jpg,2.566667,Asian,Male
AF1882.jpg,3.683333,Asian,Female
CM357.jpg,2.8,Caucasian,Male
CF563.jpg,4.15,Caucasian,Female
AF824.jpg,2.283333,Asian,Female
AF1765.jpg,4.0,Asian,Female
AM1888.jpg,3.483333,Asian,Male
AM770.jpg,2.166667,Asian,Male
AF1928.jpg,2.966667,Asian,Female
AF496.jpg,2.233333,Asian,Female
AM1724.jpg,4.366667,Asian,Male
AM1700.jpg,4.183333,Asian,Male
AM1986.jpg,2.55,Asian,Male
AM1534.jpg,2.416667,Asian,Male
AM1232.jpg,2.45,Asian,Male
CF297.jpg,2.433333,Caucasian,Female
CF123.jpg,2.683333,Caucasian,Female
CF665.jpg,3.583333,Caucasian,Female
AM511.jpg,2.683333,Asian,Male
AF638.jpg,2.4,Asian,Female
AF1275.jpg,3.55,Asian,Female
CM316.jpg,2.716667,Caucasian,Male
CF187.jpg,2.3,Caucasian,Female
AF1639.jpg,3.366667,Asian,Female
AF1806.jpg,4.116667,Asian,Female
AF652.jpg,2.633333,Asian,Female
AM1023.jpg,2.483333,Asian,Male
AM750.jpg,2.266667,Asian,Male
AF709.jpg,2.816667,Asian,Female
CM610.jpg,3.05,Caucasian,Male
AM607.jpg,2.0,Asian,Male
AM1069.jpg,2.233333,Asian,Male
CF505.jpg,3.2,Caucasian,Female
AF1521.jpg,3.65,Asian,Female
AM1501.jpg,2.65,Asian,Male
CM236.jpg,2.4,Caucasian,Male
AF1326.jpg,3.566667,Asian,Female
AF1505.jpg,3.033333,Asian,Female
CF576.jpg,4.583333,Caucasian,Female
CF718.jpg,3.95,Caucasian,Female
AM1611.jpg,4.466667,Asian,Male
AM168.jpg,2.6,Asian,Male
CM737.jpg,4.0,Caucasian,Male
AM55.jpg,3.9,Asian,Male
CF593.jpg,3.8,Caucasian,Female
CM133.jpg,2.833333,Caucasian,Male
AF996.jpg,3.366667,Asian,Female
AM329.jpg,2.566667,Asian,Male
AF859.jpg,3.116667,Asian,Female
CF589.jpg,4.316667,Caucasian,Female
AM1947.jpg,2.9,Asian,Male
CM48.jpg,2.15,Caucasian,Male
AM311.jpg,2.366667,Asian,Male
CM88.jpg,2.783333,Caucasian,Male
AM858.jpg,2.833333,Asian,Male
AF275.jpg,2.6,Asian,Female
AM359.jpg,2.366667,Asian,Male
AF1914.jpg,3.966667,Asian,Female
CF581.jpg,4.45,Caucasian,Female
AM217.jpg,3.883333,Asian,Male
AM1421.jpg,2.85,Asian,Male
AM1901.jpg,2.633333,Asian,Male
AF718.jpg,2.65,Asian,Female
CF484.jpg,2.9,Caucasian,Female
AM733.jpg,2.833333,Asian,Male
AM1241.jpg,2.3,Asian,Male
AM1472.jpg,1.716667,Asian,Male
AM65.jpg,3.083333,Asian,Male
CF258.jpg,3.15,Caucasian,Female
AF427.jpg,2.333333,Asian,Female
CM279.jpg,2.4,Caucasian,Male
AF146.jpg,2.916667,Asian,Female
AM566.jpg,2.15,Asian,Male
AF91.jpg,2.783333,Asian,Female
CM532.jpg,2.516667,Caucasian,Male
AM41.jpg,4.266667,Asian,Male
AM780.jpg,2.8,Asian,Male
AF1607.jpg,3.433333,Asian,Female
AF1193.jpg,2.3,Asian,Female
CF668.jpg,4.6,Caucasian,Female
AF1289.jpg,2.716667,Asian,Female
AF1384.jpg,3.966667,Asian,Female
AF1239.jpg,3.566667,Asian,Female
AM1078.jpg,2.45,Asian,Male
AM1081.jpg,2.166667,Asian,Male
AM1388.jpg,2.733333,Asian,Male
CM20.jpg,3.966667,Caucasian,Male
AF1299.jpg,3.716667,Asian,Female
CM126.jpg,2.883333,Caucasian,Male
AM1971.jpg,4.066667,Asian,Male
AF28.jpg,2.266667,Asian,Female
AM380.jpg,2.6,Asian,Male
CF738.jpg,4.0,Caucasian,Female
AM1733.jpg,3.966667,Asian,Male
AM58.jpg,2.433333,Asian,Male
AF758.jpg,3.733333,Asian,Female
AF567.jpg,3.5,Asian,Female
AF1809.jpg,2.866667,Asian,Female
CF616.jpg,3.933333,Caucasian,Female
AF333.jpg,2.6,Asian,Female
AM761.jpg,2.933333,Asian,Male
AF1389.jpg,3.683333,Asian,Female
AF661.jpg,2.383333,Asian,Female
AM1931.jpg,3.833333,Asian,Male
AM341.jpg,2.25,Asian,Male
AM1447.jpg,2.75,Asian,Male
CM156.jpg,2.366667,Caucasian,Male
AM983.jpg,2.633333,Asian,Male
AM354.jpg,2.616667,Asian,Male
CF416.jpg,2.416667,Caucasian,Female
AF762.jpg,4.033333,Asian,Female
CM370.jpg,2.45,Caucasian,Male
AF1439.jpg,3.85,Asian,Female
AF911.jpg,2.066667,Asian,Female
AF1989.jpg,3.5,Asian,Female
AM702.jpg,2.6,Asian,Male
AM214.jpg,2.466667,Asian,Male
AM990.jpg,2.716667,Asian,Male
AM977.jpg,1.833333,Asian,Male
CM731.jpg,3.983333,Caucasian,Male
AF986.jpg,2.183333,Asian,Female
AF1903.jpg,4.066667,Asian,Female
AF1450.jpg,2.766667,Asian,Female
AF772.jpg,4.133333,Asian,Female
AM1662.jpg,4.283333,Asian,Male
AM908.jpg,2.366667,Asian,Male
AF1674.jpg,4.066667,Asian,Female
CF312.jpg,2.633333,Caucasian,Female
AF941.jpg,1.533333,Asian,Female
AM1843.jpg,3.466667,Asian,Male
AM807.jpg,2.283333,Asian,Male
AF997.jpg,3.733333,Asian,Female
AF1837.jpg,4.466667,Asian,Female
AF671.jpg,2.6,Asian,Female
AM209.jpg,3.716667,Asian,Male
AF192.jpg,2.166667,Asian,Female
AM868.jpg,1.816667,Asian,Male
AM951.jpg,2.2,Asian,Male
CF730.jpg,3.716667,Caucasian,Female
CM311.jpg,2.5,Caucasian,Male
AM197.jpg,2.466667,Asian,Male
CF276.jpg,2.716667,Caucasian,Female
CM194.jpg,2.116667,Caucasian,Male
CF115.jpg,2.733333,Caucasian,Female
CM217.jpg,2.816667,Caucasian,Male
CM591.jpg,2.966667,Caucasian,Male
AM1328.jpg,2.4,Asian,Male
AM1703.jpg,3.533333,Asian,Male
AM1488.jpg,2.783333,Asian,Male
AM788.jpg,2.683333,Asian,Male
AM307.jpg,4.2,Asian,Male
AF903.jpg,3.066667,Asian,Female
AM1695.jpg,3.066667,Asian,Male
AM1283.jpg,2.983333,Asian,Male
AM1034.jpg,2.233333,Asian,Male
AF618.jpg,3.0,Asian,Female
AF1411.jpg,3.133333,Asian,Female
AF811.jpg,2.416667,Asian,Female
AM1362.jpg,2.616667,Asian,Male
CM213.jpg,3.05,Caucasian,Male
AF826.jpg,2.8,Asian,Female
CM387.jpg,2.6,Caucasian,Male
AM628.jpg,2.666667,Asian,Male
AF565.jpg,4.05,Asian,Female
CM13.jpg,4.15,Caucasian,Male
CM235.jpg,2.55,Caucasian,Male
AM1168.jpg,2.0,Asian,Male
AM1707.jpg,3.533333,Asian,Male
CM513.jpg,2.366667,Caucasian,Male
AM1102.jpg,2.433333,Asian,Male
AF284.jpg,3.116667,Asian,Female
AM880.jpg,2.666667,Asian,Male
CM343.jpg,2.616667,Caucasian,Male
AF1339.jpg,3.333333,Asian,Female
CM406.jpg,3.016667,Caucasian,Male
CM110.jpg,3.4,Caucasian,Male
CM263.jpg,3.066667,Caucasian,Male
AF1005.jpg,2.216667,Asian,Female
AM444.jpg,2.55,Asian,Male
AM1313.jpg,2.6,Asian,Male
AF402.jpg,3.466667,Asian,Female
AM1564.jpg,4.0,Asian,Male
AF1144.jpg,2.716667,Asian,Female
AM1948.jpg,3.383333,Asian,Male
CM660.jpg,3.383333,Caucasian,Male
CM249.jpg,2.583333,Caucasian,Male
AM1910.jpg,3.466667,Asian,Male
AF387.jpg,2.283333,Asian,Female
AF1908.jpg,4.033333,Asian,Female
AM1348.jpg,2.35,Asian,Male
AF910.jpg,3.216667,Asian,Female
AF1883.jpg,3.133333,Asian,Female
AM644.jpg,2.8,Asian,Male
AF935.jpg,2.9,Asian,Female
AM533.jpg,2.9,Asian,Male
CF548.jpg,4.416667,Caucasian,Female
AM1567.jpg,4.233333,Asian,Male
AM754.jpg,2.65,Asian,Male
AM1177.jpg,2.0,Asian,Male
AF154.jpg,3.0,Asian,Female
AM1375.jpg,2.883333,Asian,Male
AM1333.jpg,2.55,Asian,Male
AF122.jpg,2.266667,Asian,Female
CM340.jpg,2.283333,Caucasian,Male
AF1090.jpg,3.966667,Asian,Female
CF564.jpg,3.866667,Caucasian,Female
AM323.jpg,2.533333,Asian,Male
AM1032.jpg,1.716667,Asian,Male
CM684.jpg,3.116667,Caucasian,Male
AM591.jpg,2.766667,Asian,Male
AM336.jpg,2.65,Asian,Male
AM634.jpg,2.1,Asian,Male
CM41.jpg,4.283333,Caucasian,Male
AF503.jpg,4.35,Asian,Female
AF1572.jpg,4.3,Asian,Female
AM1410.jpg,2.566667,Asian,Male
AM1857.jpg,3.766667,Asian,Male
CF399.jpg,3.05,Caucasian,Female
AF280.jpg,2.583333,Asian,Female
AF1733.jpg,4.0,Asian,Female
AM1408.jpg,2.533333,Asian,Male
AM1258.jpg,2.7,Asian,Male
CF612.jpg,4.066667,Caucasian,Female
AF1640.jpg,3.866667,Asian,Female
AF931.jpg,2.666667,Asian,Female
CM664.jpg,3.8,Caucasian,Male
AF1124.jpg,3.55,Asian,Female
AF1118.jpg,1.833333,Asian,Female
CM437.jpg,2.6,Caucasian,Male
AF1824.jpg,1.983333,Asian,Female
AF1673.jpg,3.95,Asian,Female
AF325.jpg,2.533333,Asian,Female
CF457.jpg,2.566667,Caucasian,Female
AM1366.jpg,2.8,Asian,Male
AM111.jpg,1.25,Asian,Male
CM85.jpg,2.6,Caucasian,Male
AM1439.jpg,2.516667,Asian,Male
CM339.jpg,2.566667,Caucasian,Male
AF834.jpg,2.616667,Asian,Female
AM154.jpg,4.1,Asian,Male
AM1011.jpg,2.75,Asian,Male
AF960.jpg,2.416667,Asian,Female
AF196.jpg,2.95,Asian,Female
CM416.jpg,2.633333,Caucasian,Male
AF343.jpg,2.9,Asian,Female
CM67.jpg,2.683333,Caucasian,Male
AM1397.jpg,2.85,Asian,Male
AM941.jpg,2.4,Asian,Male
CF98.jpg,2.65,Caucasian,Female
AF675.jpg,4.016667,Asian,Female
AM1458.jpg,1.666667,Asian,Male
AM1569.jpg,3.466667,Asian,Male
AF1875.jpg,2.233333,Asian,Female
AM262.jpg,3.183333,Asian,Male
AF594.jpg,2.466667,Asian,Female
AM1621.jpg,2.383333,Asian,Male
AF918.jpg,2.283333,Asian,Female
AM1496.jpg,2.35,Asian,Male
AM729.jpg,2.516667,Asian,Male
AM536.jpg,1.966667,Asian,Male
CF119.jpg,2.55,Caucasian,Female
AF75.jpg,2.3,Asian,Female
AM1285.jpg,2.166667,Asian,Male
AF929.jpg,3.8,Asian,Female
CM150.jpg,2.933333,Caucasian,Male
AM1898.jpg,2.516667,Asian,Male
AM963.jpg,3.1,Asian,Male
AM671.jpg,2.15,Asian,Male
AF1137.jpg,2.7,Asian,Female
AM1420.jpg,2.85,Asian,Male
CM329.jpg,2.466667,Caucasian,Male
AM904.jpg,2.55,Asian,Male
AF1759.jpg,3.983333,Asian,Female
CF410.jpg,2.8,Caucasian,Female
AM1643.jpg,3.833333,Asian,Male
AF1344.jpg,3.716667,Asian,Female
AF1752.jpg,4.1,Asian,Female
AF1715.jpg,2.583333,Asian,Female
AF606.jpg,2.983333,Asian,Female
AM631.jpg,2.916667,Asian,Male
AF132.jpg,2.233333,Asian,Female
AF1351.jpg,2.45,Asian,Female
AF915.jpg,3.166667,Asian,Female
AM879.jpg,2.816667,Asian,Male
AM206.jpg,2.45,Asian,Male
AF1768.jpg,1.666667,Asian,Female
CM36.jpg,2.483333,Caucasian,Male
AF572.jpg,3.333333,Asian,Female
AF530.jpg,2.833333,Asian,Female
AF439.jpg,2.783333,Asian,Female
AM218.jpg,4.016667,Asian,Male
CF599.jpg,3.866667,Caucasian,Female
AM1446.jpg,2.733333,Asian,Male
AM1453.jpg,2.083333,Asian,Male
AF854.jpg,2.8,Asian,Female
AF453.jpg,4.1,Asian,Female
AM1740.jpg,4.1,Asian,Male
AM632.jpg,2.766667,Asian,Male
AM1379.jpg,2.466667,Asian,Male
AF498.jpg,2.65,Asian,Female
AM1820.jpg,2.2,Asian,Male
AM1344.jpg,2.7,Asian,Male
AF1066.jpg,1.683333,Asian,Female
AM934.jpg,2.016667,Asian,Male
CF127.jpg,2.8,Caucasian,Female
CF492.jpg,2.3,Caucasian,Female
CM10.jpg,3.633333,Caucasian,Male
AM1796.jpg,3.95,Asian,Male
AM121.jpg,2.55,Asian,Male
AF1546.jpg,3.966667,Asian,Female
CM73.jpg,3.733333,Caucasian,Male
AM1043.jpg,3.733333,Asian,Male
AF842.jpg,2.683333,Asian,Female
AM287.jpg,2.433333,Asian,Male
CM595.jpg,2.916667,Caucasian,Male
AF1922.jpg,3.383333,Asian,Female
AF1483.jpg,2.516667,Asian,Female
AF363.jpg,2.033333,Asian,Female
CF648.jpg,4.65,Caucasian,Female
AF1525.jpg,3.75,Asian,Female
AM1764.jpg,3.416667,Asian,Male
CF747.jpg,3.233333,Caucasian,Female
CM466.jpg,2.633333,Caucasian,Male
AF697.jpg,3.416667,Asian,Female
AF549.jpg,2.183333,Asian,Female
AF392.jpg,2.983333,Asian,Female
AM971.jpg,2.0,Asian,Male
CM446.jpg,2.333333,Caucasian,Male
AM1632.jpg,3.95,Asian,Male
AM674.jpg,2.433333,Asian,Male
AF1936.jpg,3.483333,Asian,Female
AF773.jpg,2.516667,Asian,Female
AF1782.jpg,3.25,Asian,Female
AM1520.jpg,2.666667,Asian,Male
CM733.jpg,3.433333,Caucasian,Male
AF1170.jpg,4.283333,Asian,Female
CF450.jpg,3.0,Caucasian,Female
AF1760.jpg,2.283333,Asian,Female
AM815.jpg,2.433333,Asian,Male
AF1743.jpg,2.616667,Asian,Female
AM588.jpg,2.433333,Asian,Male
AM1710.jpg,4.066667,Asian,Male
AM518.jpg,2.016667,Asian,Male
AM1604.jpg,3.966667,Asian,Male
AM1223.jpg,2.633333,Asian,Male
AM116.jpg,3.916667,Asian,Male
AF1996.jpg,1.6,Asian,Female
AF855.jpg,4.1,Asian,Female
AF1605.jpg,3.466667,Asian,Female
AF735.jpg,2.5,Asian,Female
AM695.jpg,2.683333,Asian,Male
AF1679.jpg,2.983333,Asian,Female
AM1236.jpg,2.166667,Asian,Male
CF664.jpg,3.416667,Caucasian,Female
AF536.jpg,1.85,Asian,Female
CM38.jpg,3.6,Caucasian,Male
CF705.jpg,3.566667,Caucasian,Female
AM903.jpg,2.366667,Asian,Male
CF464.jpg,2.116667,Caucasian,Female
AF504.jpg,2.283333,Asian,Female
AF421.jpg,2.55,Asian,Female
AM416.jpg,2.75,Asian,Male
AF172.jpg,2.383333,Asian,Female
AM1585.jpg,3.983333,Asian,Male
AF80.jpg,2.866667,Asian,Female
AM1322.jpg,2.2,Asian,Male
CM18.jpg,2.583333,Caucasian,Male
CM225.jpg,3.033333,Caucasian,Male
AF1157.jpg,3.016667,Asian,Female
AM1646.jpg,3.983333,Asian,Male
CM134.jpg,2.933333,Caucasian,Male
AF1527.jpg,3.833333,Asian,Female
AM600.jpg,2.4,Asian,Male
AM1925.jpg,3.516667,Asian,Male
AM584.jpg,1.966667,Asian,Male
AF1725.jpg,3.366667,Asian,Female
CM95.jpg,2.133333,Caucasian,Male
AM1399.jpg,2.766667,Asian,Male
CF4.jpg,4.066667,Caucasian,Female
AM1042.jpg,2.666667,Asian,Male
CF354.jpg,2.45,Caucasian,Female
CM82.jpg,2.65,Caucasian,Male
CM210.jpg,2.533333,Caucasian,Male
CM52.jpg,2.983333,Caucasian,Male
AF1488.jpg,3.85,Asian,Female
AM200.jpg,2.333333,Asian,Male
AF210.jpg,2.116667,Asian,Female
AF330.jpg,3.25,Asian,Female
AM1471.jpg,2.3,Asian,Male
AM1369.jpg,2.583333,Asian,Male
AM889.jpg,2.1,Asian,Male
AM1774.jpg,3.75,Asian,Male
AM895.jpg,2.616667,Asian,Male
AF843.jpg,2.416667,Asian,Female
AF1310.jpg,2.25,Asian,Female
AF1393.jpg,3.566667,Asian,Female
AF1184.jpg,2.333333,Asian,Female
AF1382.jpg,4.05,Asian,Female
AF678.jpg,3.833333,Asian,Female
AF1731.jpg,3.45,Asian,Female
AM1056.jpg,2.683333,Asian,Male
AF1778.jpg,2.083333,Asian,Female
AF635.jpg,2.9,Asian,Female
AM734.jpg,2.3,Asian,Male
AM468.jpg,2.133333,Asian,Male
AF367.jpg,2.6,Asian,Female
CM718.jpg,4.0,Caucasian,Male
AM651.jpg,2.85,Asian,Male
AF1430.jpg,3.883333,Asian,Female
AF375.jpg,2.283333,Asian,Female
AM152.jpg,4.316667,Asian,Male
AM488.jpg,2.066667,Asian,Male
CM90.jpg,2.683333,Caucasian,Male
AM1265.jpg,2.083333,Asian,Male
AM1819.jpg,3.35,Asian,Male
AF784.jpg,3.4,Asian,Female
AM229.jpg,2.616667,Asian,Male
CM190.jpg,2.25,Caucasian,Male
AM1884.jpg,3.783333,Asian,Male
CF121.jpg,2.066667,Caucasian,Female
CM465.jpg,2.9,Caucasian,Male
AM370.jpg,2.583333,Asian,Male
AM1791.jpg,2.25,Asian,Male
AM1150.jpg,2.2,Asian,Male
AF1142.jpg,2.666667,Asian,Female
CF156.jpg,2.983333,Caucasian,Female
AF1696.jpg,4.0,Asian,Female
AF946.jpg,3.516667,Asian,Female
AM748.jpg,2.95,Asian,Male
AM96.jpg,2.316667,Asian,Male
AF1025.jpg,1.866667,Asian,Female
AF1278.jpg,3.566667,Asian,Female
AF651.jpg,2.65,Asian,Female
AF301.jpg,2.516667,Asian,Female
CM211.jpg,2.733333,Caucasian,Male
CF272.jpg,2.983333,Caucasian,Female
CF692.jpg,4.316667,Caucasian,Female
AM1665.jpg,2.933333,Asian,Male
AF537.jpg,2.483333,Asian,Female
AM1741.jpg,3.766667,Asian,Male
AM1874.jpg,2.366667,Asian,Male
AM1228.jpg,2.366667,Asian,Male
AM719.jpg,2.966667,Asian,Male
CF592.jpg,3.666667,Caucasian,Female
AM871.jpg,2.3,Asian,Male
AF1333.jpg,4.383333,Asian,Female
AM512.jpg,2.333333,Asian,Male
AF1713.jpg,3.8,Asian,Female
AM1483.jpg,2.75,Asian,Male
CM278.jpg,3.716667,Caucasian,Male
CF572.jpg,3.633333,Caucasian,Female
CM304.jpg,2.783333,Caucasian,Male
AM1451.jpg,2.383333,Asian,Male
AF386.jpg,3.0,Asian,Female
AM443.jpg,2.083333,Asian,Male
AF560.jpg,2.283333,Asian,Female
AF438.jpg,2.7,Asian,Female
AF804.jpg,2.833333,Asian,Female
AM325.jpg,3.65,Asian,Male
CM695.jpg,2.916667,Caucasian,Male
AM660.jpg,1.883333,Asian,Male
AM1584.jpg,2.333333,Asian,Male
CF404.jpg,2.233333,Caucasian,Female
AF1858.jpg,3.383333,Asian,Female
AF1884.jpg,2.733333,Asian,Female
AM1239.jpg,2.633333,Asian,Male
AM498.jpg,2.633333,Asian,Male
AF1819.jpg,2.883333,Asian,Female
AF881.jpg,4.016667,Asian,Female
AM894.jpg,2.716667,Asian,Male
AM1810.jpg,2.55,Asian,Male
AF1617.jpg,3.616667,Asian,Female
CF722.jpg,3.5,Caucasian,Female
AF679.jpg,2.683333,Asian,Female
AF1529.jpg,3.733333,Asian,Female
AF1422.jpg,3.966667,Asian,Female
AM517.jpg,2.75,Asian,Male
AF1552.jpg,3.5,Asian,Female
AM883.jpg,2.283333,Asian,Male
AM450.jpg,2.1,Asian,Male
AF1183.jpg,3.616667,Asian,Female
CM721.jpg,4.033333,Caucasian,Male
CM84.jpg,2.7,Caucasian,Male
AM1529.jpg,3.166667,Asian,Male
AF485.jpg,2.55,Asian,Female
AM373.jpg,2.416667,Asian,Male
AM473.jpg,1.916667,Asian,Male
AF1626.jpg,3.066667,Asian,Female
AM790.jpg,2.266667,Asian,Male
AF1940.jpg,2.65,Asian,Female
CF596.jpg,4.333333,Caucasian,Female
CF168.jpg,2.9,Caucasian,Female
AM630.jpg,3.05,Asian,Male
AF632.jpg,2.2,Asian,Female
AM1131.jpg,2.35,Asian,Male
CM176.jpg,2.5,Caucasian,Male
CF264.jpg,2.533333,Caucasian,Female
CM686.jpg,2.9,Caucasian,Male
AF314.jpg,1.733333,Asian,Female
AM391.jpg,2.916667,Asian,Male
AF1931.jpg,1.866667,Asian,Female
AM456.jpg,3.116667,Asian,Male
AM585.jpg,2.7,Asian,Male
CF323.jpg,2.666667,Caucasian,Female
AM88.jpg,3.6,Asian,Male
AF733.jpg,2.6,Asian,Female
CM308.jpg,2.666667,Caucasian,Male
AF980.jpg,3.933333,Asian,Female
AF265.jpg,1.85,Asian,Female
AF1912.jpg,4.033333,Asian,Female
AM239.jpg,2.333333,Asian,Male
CM744.jpg,3.766667,Caucasian,Male
CF221.jpg,2.616667,Caucasian,Female
CM264.jpg,2.533333,Caucasian,Male
CF78.jpg,2.266667,Caucasian,Female
AM434.jpg,3.083333,Asian,Male
AF1378.jpg,2.7,Asian,Female
AF1434.jpg,3.616667,Asian,Female
CF201.jpg,3.0,Caucasian,Female
CM187.jpg,4.133333,Caucasian,Male
CM704.jpg,2.8,Caucasian,Male
AF469.jpg,2.883333,Asian,Female
CF321.jpg,1.933333,Caucasian,Female
AM390.jpg,4.683333,Asian,Male
AM575.jpg,2.9,Asian,Male
AF1444.jpg,4.116667,Asian,Female
AM1809.jpg,3.083333,Asian,Male
AM726.jpg,2.833333,Asian,Male
AF1131.jpg,3.066667,Asian,Female
CF50.jpg,4.45,Caucasian,Female
CF455.jpg,4.016667,Caucasian,Female
AM962.jpg,2.716667,Asian,Male
AF1959.jpg,1.033333,Asian,Female
CM251.jpg,3.7,Caucasian,Male
AF121.jpg,2.383333,Asian,Female
AF838.jpg,4.216667,Asian,Female
CF503.jpg,2.766667,Caucasian,Female
CF107.jpg,3.816667,Caucasian,Female
AF1188.jpg,2.516667,Asian,Female
AF106.jpg,3.033333,Asian,Female
AM964.jpg,2.266667,Asian,Male
AF1701.jpg,3.333333,Asian,Female
AF279.jpg,3.083333,Asian,Female
CM193.jpg,2.783333,Caucasian,Male
CM9.jpg,3.95,Caucasian,Male
AF715.jpg,4.433333,Asian,Female
AF203.jpg,3.833333,Asian,Female
AM1359.jpg,2.4,Asian,Male
AF874.jpg,2.766667,Asian,Female
AF927.jpg,3.166667,Asian,Female
CF352.jpg,2.1,Caucasian,Female
AF978.jpg,2.05,Asian,Female
AM123.jpg,4.383333,Asian,Male
CF198.jpg,2.35,Caucasian,Female
AM395.jpg,2.466667,Asian,Male
CF633.jpg,3.983333,Caucasian,Female
AM1268.jpg,2.45,Asian,Male
AF1026.jpg,3.65,Asian,Female
CF378.jpg,2.15,Caucasian,Female
AM1185.jpg,2.833333,Asian,Male
CF368.jpg,2.683333,Caucasian,Female
AM1593.jpg,3.433333,Asian,Male
CF540.jpg,3.55,Caucasian,Female
AM1254.jpg,2.466667,Asian,Male
AF1610.jpg,4.2,Asian,Female
AM290.jpg,2.2,Asian,Male
CF702.jpg,4.516667,Caucasian,Female
CF54.jpg,2.45,Caucasian,Female
CF715.jpg,3.55,Caucasian,Female
AF1338.jpg,2.916667,Asian,Female
AM918.jpg,2.416667,Asian,Male
AF1213.jpg,3.433333,Asian,Female
CM533.jpg,2.633333,Caucasian,Male
AM1031.jpg,2.05,Asian,Male
AM709.jpg,2.8,Asian,Male
AF90.jpg,1.783333,Asian,Female
AF1150.jpg,2.9,Asian,Female
AM658.jpg,2.55,Asian,Male
CF504.jpg,2.483333,Caucasian,Female
CF191.jpg,2.25,Caucasian,Female
AF184.jpg,3.2,Asian,Female
AM1673.jpg,3.616667,Asian,Male
AF20.jpg,2.733333,Asian,Female
CM421.jpg,2.733333,Caucasian,Male
AM959.jpg,2.083333,Asian,Male
CM741.jpg,3.033333,Caucasian,Male
AF1045.jpg,3.816667,Asian,Female
AM1558.jpg,1.916667,Asian,Male
AM764.jpg,3.083333,Asian,Male
AF175.jpg,3.0,Asian,Female
CM511.jpg,2.6,Caucasian,Male
AF695.jpg,4.516667,Asian,Female
AF48.jpg,2.3,Asian,Female
AM915.jpg,2.666667,Asian,Male
AM1863.jpg,3.833333,Asian,Male
AF1533.jpg,4.116667,Asian,Female
AF227.jpg,2.566667,Asian,Female
AM1414.jpg,2.65,Asian,Male
AF742.jpg,2.616667,Asian,Female
AF1690.jpg,3.683333,Asian,Female
AF1585.jpg,3.75,Asian,Female
AF1895.jpg,3.8,Asian,Female
AF603.jpg,4.316667,Asian,Female
AF36.jpg,2.483333,Asian,Female
AF539.jpg,3.933333,Asian,Female
CM318.jpg,2.866667,Caucasian,Male
AF556.jpg,2.583333,Asian,Female
AF794.jpg,3.233333,Asian,Female
AM885.jpg,2.383333,Asian,Male
AF416.jpg,2.533333,Asian,Female
CM170.jpg,2.666667,Caucasian,Male
CF554.jpg,4.133333,Caucasian,Female
AM621.jpg,2.95,Asian,Male
AF1000.jpg,3.966667,Asian,Female
AM487.jpg,2.183333,Asian,Male
AM215.jpg,2.216667,Asian,Male
AF1861.jpg,3.883333,Asian,Female
CF663.jpg,3.683333,Caucasian,Female
AF1241.jpg,3.933333,Asian,Female
AM1670.jpg,2.866667,Asian,Male
AF1517.jpg,3.433333,Asian,Female
AF288.jpg,2.5,Asian,Female
CF274.jpg,2.583333,Caucasian,Female
CM685.jpg,3.25,Caucasian,Male
CM671.jpg,4.433333,Caucasian,Male
AF1843.jpg,3.5,Asian,Female
AF777.jpg,2.25,Asian,Female
CM86.jpg,2.916667,Caucasian,Male
CM430.jpg,2.483333,Caucasian,Male
AM677.jpg,2.6,Asian,Male
AF1187.jpg,3.8,Asian,Female
AF1470.jpg,3.216667,Asian,Female
AF379.jpg,2.5,Asian,Female
AM424.jpg,2.916667,Asian,Male
CF704.jpg,4.383333,Caucasian,Female
AM313.jpg,2.416667,Asian,Male
CM477.jpg,2.8,Caucasian,Male
CM180.jpg,3.05,Caucasian,Male
CF251.jpg,1.733333,Caucasian,Female
CM69.jpg,2.75,Caucasian,Male
AM357.jpg,4.166667,Asian,Male
AM1860.jpg,2.333333,Asian,Male
AM892.jpg,2.35,Asian,Male
CM325.jpg,2.716667,Caucasian,Male
CM590.jpg,4.033333,Caucasian,Male
CF744.jpg,4.283333,Caucasian,Female
CM233.jpg,2.966667,Caucasian,Male
AM520.jpg,2.75,Asian,Male
AM126.jpg,1.766667,Asian,Male
AM475.jpg,2.666667,Asian,Male
AF829.jpg,2.2,Asian,Female
AM556.jpg,2.9,Asian,Male
CM460.jpg,3.4,Caucasian,Male
AF1926.jpg,3.6,Asian,Female
AM1423.jpg,2.316667,Asian,Male
CF569.jpg,3.933333,Caucasian,Female
AF1465.jpg,4.033333,Asian,Female
AF1287.jpg,3.3,Asian,Female
CM271.jpg,2.666667,Caucasian,Male
AM449.jpg,2.366667,Asian,Male
AM1775.jpg,4.45,Asian,Male
CF245.jpg,2.066667,Caucasian,Female
CM65.jpg,3.633333,Caucasian,Male
AF497.jpg,2.05,Asian,Female
AF1336.jpg,3.783333,Asian,Female
AF887.jpg,2.016667,Asian,Female
CM506.jpg,3.733333,Caucasian,Male
AF1537.jpg,3.633333,Asian,Female
AF1802.jpg,3.85,Asian,Female
AF353.jpg,2.383333,Asian,Female
AF587.jpg,1.766667,Asian,Female
CM654.jpg,3.616667,Caucasian,Male
AM248.jpg,4.133333,Asian,Male
AM579.jpg,2.633333,Asian,Male
AF582.jpg,3.833333,Asian,Female
AF107.jpg,1.883333,Asian,Female
AF923.jpg,2.766667,Asian,Female
AM1477.jpg,2.5,Asian,Male
AF1098.jpg,1.55,Asian,Female
AF1773.jpg,2.566667,Asian,Female
AM559.jpg,2.616667,Asian,Male
AM1332.jpg,2.433333,Asian,Male
CF426.jpg,2.933333,Caucasian,Female
AM1868.jpg,4.233333,Asian,Male
AF1252.jpg,3.383333,Asian,Female
AM300.jpg,2.433333,Asian,Male
CM515.jpg,2.616667,Caucasian,Male
AF1797.jpg,3.166667,Asian,Female
AM1853.jpg,3.75,Asian,Male
CF469.jpg,2.266667,Caucasian,Female
CF462.jpg,2.416667,Caucasian,Female
AF1584.jpg,3.833333,Asian,Female
AM1989.jpg,4.416667,Asian,Male
CF16.jpg,3.65,Caucasian,Female
CF150.jpg,3.6,Caucasian,Female
AM317.jpg,2.55,Asian,Male
AM1192.jpg,2.883333,Asian,Male
AF1850.jpg,3.8,Asian,Female
AF1015.jpg,3.683333,Asian,Female
AM396.jpg,2.583333,Asian,Male
AM1542.jpg,2.85,Asian,Male
AM1672.jpg,2.966667,Asian,Male
CM625.jpg,2.983333,Caucasian,Male
AF1265.jpg,4.383333,Asian,Female
CM419.jpg,2.483333,Caucasian,Male
AM1555.jpg,2.866667,Asian,Male
AF1788.jpg,4.083333,Asian,Female
AF1504.jpg,3.333333,Asian,Female
AF1750.jpg,1.783333,Asian,Female
AM1095.jpg,4.15,Asian,Male
AF425.jpg,2.466667,Asian,Female
AM1990.jpg,3.783333,Asian,Male
CM656.jpg,4.283333,Caucasian,Male
AF1176.jpg,2.366667,Asian,Female
AM1314.jpg,2.6,Asian,Male
AM1391.jpg,2.45,Asian,Male
AM1307.jpg,2.6,Asian,Male
AF740.jpg,2.6,Asian,Female
CF465.jpg,2.916667,Caucasian,Female
AM797.jpg,2.6,Asian,Male
AM174.jpg,2.916667,Asian,Male
AM1858.jpg,3.833333,Asian,Male
AM298.jpg,1.95,Asian,Male
CM74.jpg,3.083333,Caucasian,Male
CM748.jpg,3.716667,Caucasian,Male
AF346.jpg,2.4,Asian,Female
CM400.jpg,2.433333,Caucasian,Male
AF1046.jpg,2.283333,Asian,Female
AM576.jpg,2.4,Asian,Male
AF1910.jpg,3.65,Asian,Female
AM949.jpg,2.9,Asian,Male
AM1120.jpg,2.516667,Asian,Male
AM93.jpg,2.133333,Asian,Male
AM1574.jpg,3.383333,Asian,Male
AM1972.jpg,4.15,Asian,Male
AM650.jpg,2.65,Asian,Male
AM378.jpg,2.5,Asian,Male
CM303.jpg,2.616667,Caucasian,Male
CM280.jpg,2.95,Caucasian,Male
AF1695.jpg,4.316667,Asian,Female
AM1748.jpg,2.883333,Asian,Male
AM77.jpg,4.2,Asian,Male
AF1580.jpg,3.466667,Asian,Female
CM462.jpg,3.016667,Caucasian,Male
AF1979.jpg,2.566667,Asian,Female
AM76.jpg,3.35,Asian,Male
CF697.jpg,3.383333,Caucasian,Female
AM1259.jpg,2.75,Asian,Male
AM1651.jpg,3.783333,Asian,Male
AM746.jpg,2.75,Asian,Male
AF1657.jpg,3.316667,Asian,Female
CM619.jpg,2.533333,Caucasian,Male
CF326.jpg,3.116667,Caucasian,Female
AF711.jpg,2.666667,Asian,Female
AM1917.jpg,2.466667,Asian,Male
CM238.jpg,3.116667,Caucasian,Male
AM1976.jpg,3.25,Asian,Male
CM337.jpg,3.183333,Caucasian,Male
AF1720.jpg,3.566667,Asian,Female
AM131.jpg,4.283333,Asian,Male
AF1031.jpg,4.033333,Asian,Female
AM30.jpg,4.1,Asian,Male
CM652.jpg,3.516667,Caucasian,Male
AF669.jpg,3.183333,Asian,Female
AF465.jpg,2.383333,Asian,Female
AM1991.jpg,3.683333,Asian,Male
CM592.jpg,3.233333,Caucasian,Male
CF364.jpg,2.933333,Caucasian,Female
AF11.jpg,2.316667,Asian,Female
AM119.jpg,3.833333,Asian,Male
AF998.jpg,3.35,Asian,Female
AF351.jpg,2.533333,Asian,Female
CM274.jpg,2.416667,Caucasian,Male
CF228.jpg,2.75,Caucasian,Female
CM728.jpg,4.316667,Caucasian,Male
AF1120.jpg,2.9,Asian,Female
AM594.jpg,2.216667,Asian,Male
AF1108.jpg,1.866667,Asian,Female
AM1383.jpg,2.35,Asian,Male
AF1621.jpg,3.55,Asian,Female
AM1967.jpg,3.466667,Asian,Male
AM1007.jpg,2.316667,Asian,Male
AM2.jpg,3.6,Asian,Male
CF250.jpg,2.6,Caucasian,Female
AF626.jpg,2.6,Asian,Female
CF429.jpg,2.716667,Caucasian,Female
AM1980.jpg,3.516667,Asian,Male
AF1582.jpg,4.216667,Asian,Female
AF696.jpg,2.316667,Asian,Female
AM1548.jpg,2.383333,Asian,Male
CF459.jpg,2.616667,Caucasian,Female
AF1592.jpg,4.466667,Asian,Female
AF1531.jpg,3.233333,Asian,Female
AF938.jpg,3.616667,Asian,Female
CM602.jpg,3.366667,Caucasian,Male
CM103.jpg,3.2,Caucasian,Male
AM381.jpg,3.066667,Asian,Male
CM282.jpg,2.516667,Caucasian,Male
AF1291.jpg,4.4,Asian,Female
AM271.jpg,1.933333,Asian,Male
CF172.jpg,3.2,Caucasian,Female
AF1315.jpg,2.8,Asian,Female
CM556.jpg,2.616667,Caucasian,Male
AM1101.jpg,2.383333,Asian,Male
CM185.jpg,2.716667,Caucasian,Male
AF368.jpg,2.6,Asian,Female
AF99.jpg,2.533333,Asian,Female
AM397.jpg,2.216667,Asian,Male
AF1201.jpg,3.283333,Asian,Female
AM757.jpg,3.016667,Asian,Male
AM1082.jpg,2.133333,Asian,Male
AF684.jpg,2.85,Asian,Female
AF608.jpg,2.316667,Asian,Female
CM408.jpg,2.916667,Caucasian,Male
AM1859.jpg,2.933333,Asian,Male
AM21.jpg,4.05,Asian,Male
AM372.jpg,2.133333,Asian,Male
AM960.jpg,2.716667,Asian,Male
AM1151.jpg,2.566667,Asian,Male
AF1535.jpg,3.233333,Asian,Female
CF408.jpg,3.1,Caucasian,Female
AF1407.jpg,3.25,Asian,Female
CF394.jpg,2.85,Caucasian,Female
AM808.jpg,2.366667,Asian,Male
CF444.jpg,2.266667,Caucasian,Female
AM144.jpg,3.216667,Asian,Male
AF1991.jpg,2.016667,Asian,Female
CM740.jpg,3.933333,Caucasian,Male
AM1457.jpg,2.55,Asian,Male
AF1435.jpg,2.7,Asian,Female
AM1153.jpg,2.35,Asian,Male
CF678.jpg,3.9,Caucasian,Female
AM568.jpg,2.35,Asian,Male
CM746.jpg,4.316667,Caucasian,Male
AF1162.jpg,4.1,Asian,Female
AF662.jpg,2.933333,Asian,Female
AF577.jpg,2.916667,Asian,Female
AM16.jpg,3.916667,Asian,Male
AM1715.jpg,3.15,Asian,Male
CF249.jpg,2.8,Caucasian,Female
AM291.jpg,2.583333,Asian,Male
AF1643.jpg,3.616667,Asian,Female
AM1723.jpg,4.283333,Asian,Male
AM1222.jpg,2.816667,Asian,Male
AM794.jpg,2.55,Asian,Male
CM44.jpg,3.233333,Caucasian,Male
CM646.jpg,4.016667,Caucasian,Male
AM1638.jpg,4.2,Asian,Male
AF1492.jpg,3.516667,Asian,Female
AM344.jpg,2.133333,Asian,Male
CF725.jpg,3.95,Caucasian,Female
AF23.jpg,3.3,Asian,Female
AM1995.jpg,4.133333,Asian,Male
AF561.jpg,4.066667,Asian,Female
AF382.jpg,2.116667,Asian,Female
CF279.jpg,3.85,Caucasian,Female
AF295.jpg,2.133333,Asian,Female
AF1093.jpg,3.633333,Asian,Female
AF737.jpg,2.666667,Asian,Female
CF157.jpg,2.866667,Caucasian,Female
AM404.jpg,2.633333,Asian,Male
AM1315.jpg,2.433333,Asian,Male
AF1570.jpg,2.5,Asian,Female
AF902.jpg,3.483333,Asian,Female
AF1008.jpg,2.783333,Asian,Female
AM1014.jpg,1.866667,Asian,Male
AM1892.jpg,4.133333,Asian,Male
CF235.jpg,2.9,Caucasian,Female
AF309.jpg,3.183333,Asian,Female
AM768.jpg,2.916667,Asian,Male
AM278.jpg,2.516667,Asian,Male
AF976.jpg,4.316667,Asian,Female
AF1656.jpg,4.05,Asian,Female
AF532.jpg,2.15,Asian,Female
CF370.jpg,3.35,Caucasian,Female
AM1281.jpg,2.466667,Asian,Male
AM1070.jpg,2.633333,Asian,Male
AM872.jpg,2.1,Asian,Male
AF1594.jpg,3.816667,Asian,Female
AM1539.jpg,2.483333,Asian,Male
CM584.jpg,2.45,Caucasian,Male
AM636.jpg,1.883333,Asian,Male
AF808.jpg,2.1,Asian,Female
CF204.jpg,3.15,Caucasian,Female
AM1135.jpg,2.3,Asian,Male
AM1136.jpg,2.516667,Asian,Male
CF226.jpg,2.633333,Caucasian,Female
AF541.jpg,2.65,Asian,Female
CF234.jpg,2.333333,Caucasian,Female
AM930.jpg,2.483333,Asian,Male
CM413.jpg,2.966667,Caucasian,Male
CM204.jpg,2.9,Caucasian,Male
CF653.jpg,4.416667,Caucasian,Female
AM777.jpg,2.516667,Asian,Male
AF426.jpg,2.366667,Asian,Female
AF1272.jpg,3.9,Asian,Female
AF796.jpg,2.566667,Asian,Female
AM1247.jpg,2.1,Asian,Male
CF526.jpg,3.166667,Caucasian,Female
AM1246.jpg,2.566667,Asian,Male
AF186.jpg,2.183333,Asian,Female
AF413.jpg,1.833333,Asian,Female
CF571.jpg,3.633333,Caucasian,Female
AM1628.jpg,3.866667,Asian,Male
AM403.jpg,2.8,Asian,Male
CM137.jpg,2.45,Caucasian,Male
AM1818.jpg,1.75,Asian,Male
AF934.jpg,3.866667,Asian,Female
AM98.jpg,3.116667,Asian,Male
AF40.jpg,2.583333,Asian,Female
AM1870.jpg,2.566667,Asian,Male
AM1219.jpg,3.15,Asian,Male
CM621.jpg,2.983333,Caucasian,Male
AF1221.jpg,4.2,Asian,Female
AF1122.jpg,3.6,Asian,Female
CF171.jpg,2.45,Caucasian,Female
AF900.jpg,2.9,Asian,Female
AF641.jpg,2.483333,Asian,Female
AF1856.jpg,4.2,Asian,Female
AF1456.jpg,4.066667,Asian,Female
CM244.jpg,3.0,Caucasian,Male
AF1353.jpg,2.916667,Asian,Female
AF778.jpg,2.8,Asian,Female
CM404.jpg,2.533333,Caucasian,Male
AF400.jpg,2.783333,Asian,Female
AF1225.jpg,2.8,Asian,Female
CM16.jpg,3.95,Caucasian,Male
AM706.jpg,2.783333,Asian,Male
AF1140.jpg,3.9,Asian,Female
CF336.jpg,2.8,Caucasian,Female
AM1326.jpg,2.633333,Asian,Male
CM396.jpg,2.633333,Caucasian,Male
AF1553.jpg,3.833333,Asian,Female
AF127.jpg,2.9,Asian,Female
CF315.jpg,2.866667,Caucasian,Female
AM1839.jpg,2.616667,Asian,Male
AM1924.jpg,2.75,Asian,Male
AF130.jpg,2.516667,Asian,Female
CF748.jpg,3.933333,Caucasian,Female
CF1.jpg,4.116667,Caucasian,Female
CM643.jpg,3.3,Caucasian,Male
AF1962.jpg,3.616667,Asian,Female
CM273.jpg,2.866667,Caucasian,Male
AF1168.jpg,3.883333,Asian,Female
AM419.jpg,2.583333,Asian,Male
AF1677.jpg,3.25,Asian,Female
AM1046.jpg,2.45,Asian,Male
AM664.jpg,2.483333,Asian,Male
AM108.jpg,3.9,Asian,Male
AF30.jpg,3.1,Asian,Female
AM1786.jpg,3.85,Asian,Male
AF593.jpg,3.783333,Asian,Female
AM1598.jpg,4.116667,Asian,Male
AF1813.jpg,3.883333,Asian,Female
AM998.jpg,2.583333,Asian,Male
AM493.jpg,2.433333,Asian,Male
AF525.jpg,2.283333,Asian,Female
AM1599.jpg,3.666667,Asian,Male
CF161.jpg,2.216667,Caucasian,Female
CF536.jpg,3.733333,Caucasian,Female
CF153.jpg,3.55,Caucasian,Female
CF544.jpg,3.583333,Caucasian,Female
AM1235.jpg,2.283333,Asian,Male
CM452.jpg,2.35,Caucasian,Male
AM1627.jpg,3.516667,Asian,Male
CF183.jpg,2.85,Caucasian,Female
AM844.jpg,2.533333,Asian,Male
AF1134.jpg,3.333333,Asian,Female
AF1203.jpg,3.366667,Asian,Female
AF888.jpg,2.783333,Asian,Female
AF1811.jpg,3.3,Asian,Female
AM1757.jpg,4.2,Asian,Male
AM139.jpg,4.5,Asian,Male
CM601.jpg,2.883333,Caucasian,Male
CF180.jpg,3.316667,Caucasian,Female
AF670.jpg,3.05,Asian,Female
AF221.jpg,2.433333,Asian,Female
AM1160.jpg,2.416667,Asian,Male
CM19.jpg,3.633333,Caucasian,Male
CM101.jpg,4.283333,Caucasian,Male
AM1416.jpg,2.8,Asian,Male
AF432.jpg,3.033333,Asian,Female
AF251.jpg,2.7,Asian,Female
AM538.jpg,2.75,Asian,Male
AM118.jpg,4.183333,Asian,Male
CM257.jpg,2.3,Caucasian,Male
AF1873.jpg,1.633333,Asian,Female
AF282.jpg,2.583333,Asian,Female
AM1718.jpg,3.9,Asian,Male
AF788.jpg,1.383333,Asian,Female
CF317.jpg,2.9,Caucasian,Female
CF345.jpg,2.1,Caucasian,Female
AM1091.jpg,2.366667,Asian,Male
CF277.jpg,2.033333,Caucasian,Female
AF230.jpg,2.683333,Asian,Female
CF520.jpg,3.4,Caucasian,Female
CM50.jpg,3.066667,Caucasian,Male
AF500.jpg,2.35,Asian,Female
CM496.jpg,2.616667,Caucasian,Male
AF1356.jpg,3.3,Asian,Female
AM1827.jpg,2.766667,Asian,Male
AM3.jpg,4.05,Asian,Male
CM201.jpg,3.283333,Caucasian,Male
CF256.jpg,2.333333,Caucasian,Female
AM1756.jpg,3.583333,Asian,Male
CF293.jpg,3.183333,Caucasian,Female
AF1294.jpg,2.266667,Asian,Female
AF1953.jpg,2.316667,Asian,Female
AM558.jpg,2.766667,Asian,Male
AM97.jpg,3.733333,Asian,Male
CM636.jpg,4.033333,Caucasian,Male
CM411.jpg,2.866667,Caucasian,Male
AF1112.jpg,4.233333,Asian,Female
CM145.jpg,2.183333,Caucasian,Male
AF828.jpg,2.283333,Asian,Female
AF1586.jpg,3.766667,Asian,Female
AF1530.jpg,3.516667,Asian,Female
CF124.jpg,3.0,Caucasian,Female
CM330.jpg,2.766667,Caucasian,Male
AF1019.jpg,2.083333,Asian,Female
AF41.jpg,4.25,Asian,Female
AF1237.jpg,3.366667,Asian,Female
AF303.jpg,2.9,Asian,Female
AM1289.jpg,2.65,Asian,Male
CM501.jpg,2.7,Caucasian,Male
CF281.jpg,1.933333,Caucasian,Female
AF18.jpg,2.566667,Asian,Female
AM669.jpg,3.183333,Asian,Male
AM101.jpg,3.483333,Asian,Male
AM1754.jpg,3.733333,Asian,Male
AM1804.jpg,2.616667,Asian,Male
AM613.jpg,2.666667,Asian,Male
CM6.jpg,3.95,Caucasian,Male
AF406.jpg,2.583333,Asian,Female
AF1412.jpg,3.233333,Asian,Female
AM302.jpg,2.316667,Asian,Male
AF1963.jpg,2.666667,Asian,Female
AF1539.jpg,1.616667,Asian,Female
CM70.jpg,2.816667,Caucasian,Male
CM722.jpg,4.3,Caucasian,Male
AM940.jpg,2.5,Asian,Male
AM1286.jpg,2.65,Asian,Male
AF1197.jpg,3.683333,Asian,Female
CM109.jpg,3.45,Caucasian,Male
CF306.jpg,2.666667,Caucasian,Female
AM386.jpg,2.633333,Asian,Male
AF1919.jpg,4.016667,Asian,Female
AF1215.jpg,3.183333,Asian,Female
AM1504.jpg,2.6,Asian,Male
AF409.jpg,4.183333,Asian,Female
AM694.jpg,2.916667,Asian,Male
AF1385.jpg,3.8,Asian,Female
AM264.jpg,1.533333,Asian,Male
CM498.jpg,2.45,Caucasian,Male
CF304.jpg,3.016667,Caucasian,Female
AM701.jpg,1.983333,Asian,Male
AF647.jpg,3.7,Asian,Female
CF419.jpg,2.35,Caucasian,Female
AF1041.jpg,2.383333,Asian,Female
CM454.jpg,2.433333,Caucasian,Male
CF332.jpg,2.75,Caucasian,Female
AM752.jpg,2.35,Asian,Male
AM1216.jpg,2.3,Asian,Male
CF434.jpg,2.983333,Caucasian,Female
CM328.jpg,2.133333,Caucasian,Male
AM866.jpg,2.95,Asian,Male
CF92.jpg,3.033333,Caucasian,Female
AM1428.jpg,2.533333,Asian,Male
AM1759.jpg,4.016667,Asian,Male
AF1683.jpg,4.333333,Asian,Female
AF1048.jpg,3.15,Asian,Female
CM518.jpg,2.766667,Caucasian,Male
AF727.jpg,3.383333,Asian,Female
AM614.jpg,3.133333,Asian,Male
AM1409.jpg,3.1,Asian,Male
AM81.jpg,3.966667,Asian,Male
CM538.jpg,2.65,Caucasian,Male
CF631.jpg,3.75,Caucasian,Female
AF1061.jpg,2.766667,Asian,Female
AM1660.jpg,3.583333,Asian,Male
CF181.jpg,2.783333,Caucasian,Female
AF337.jpg,2.133333,Asian,Female
CM627.jpg,2.583333,Caucasian,Male
CM138.jpg,2.0,Caucasian,Male
AM1122.jpg,2.216667,Asian,Male
CM440.jpg,2.083333,Caucasian,Male
AM1368.jpg,2.716667,Asian,Male
AM928.jpg,2.55,Asian,Male
AF640.jpg,2.6,Asian,Female
CF567.jpg,4.433333,Caucasian,Female
AF1288.jpg,3.283333,Asian,Female
AF1301.jpg,4.033333,Asian,Female
AM361.jpg,2.666667,Asian,Male
AF1060.jpg,2.433333,Asian,Female
AF1475.jpg,1.683333,Asian,Female
AM654.jpg,2.8,Asian,Male
AF1217.jpg,3.216667,Asian,Female
AM1343.jpg,2.5,Asian,Male
AF1609.jpg,3.516667,Asian,Female
AF1693.jpg,3.9,Asian,Female
AF1978.jpg,3.916667,Asian,Female
AF189.jpg,2.416667,Asian,Female
AM1372.jpg,2.483333,Asian,Male
AF754.jpg,2.35,Asian,Female
AM1016.jpg,1.816667,Asian,Male
AM1097.jpg,2.216667,Asian,Male
AF1780.jpg,3.683333,Asian,Female
AM1620.jpg,2.416667,Asian,Male
AM162.jpg,4.5,Asian,Male
AF1320.jpg,4.166667,Asian,Female
CM104.jpg,2.883333,Caucasian,Male
AF123.jpg,2.033333,Asian,Female
AF803.jpg,2.8,Asian,Female
AF770.jpg,3.566667,Asian,Female
CF573.jpg,4.266667,Caucasian,Female
AM779.jpg,2.4,Asian,Male
AM1916.jpg,2.75,Asian,Male
CF347.jpg,2.983333,Caucasian,Female
AM1076.jpg,2.716667,Asian,Male
AM1276.jpg,2.166667,Asian,Male
CF377.jpg,3.216667,Caucasian,Female
AF1438.jpg,3.166667,Asian,Female
AF97.jpg,2.3,Asian,Female
AF376.jpg,2.666667,Asian,Female
AM1747.jpg,2.95,Asian,Male
CF672.jpg,3.25,Caucasian,Female
CM503.jpg,3.116667,Caucasian,Male
AF1654.jpg,2.966667,Asian,Female
AM1919.jpg,2.866667,Asian,Male
CF125.jpg,3.766667,Caucasian,Female
AF1852.jpg,3.833333,Asian,Female
CF231.jpg,2.7,Caucasian,Female
AF1723.jpg,4.066667,Asian,Female
AM1684.jpg,3.666667,Asian,Male
AF1930.jpg,3.716667,Asian,Female
AF6.jpg,1.566667,Asian,Female
AM1073.jpg,2.2,Asian,Male
AM1508.jpg,2.666667,Asian,Male
AF583.jpg,2.5,Asian,Female
AF389.jpg,2.833333,Asian,Female
AM1883.jpg,4.166667,Asian,Male
CM116.jpg,2.883333,Caucasian,Male
AF785.jpg,2.666667,Asian,Female
CM397.jpg,2.716667,Caucasian,Male
AF873.jpg,2.933333,Asian,Female
AF1798.jpg,3.466667,Asian,Female
AM173.jpg,1.716667,Asian,Male
AM1801.jpg,4.45,Asian,Male
AM1907.jpg,3.083333,Asian,Male
AM1953.jpg,3.95,Asian,Male
AM1826.jpg,2.8,Asian,Male
CF2.jpg,3.933333,Caucasian,Female
CM100.jpg,2.833333,Caucasian,Male
AF1303.jpg,3.75,Asian,Female
CF720.jpg,3.233333,Caucasian,Female
AM1944.jpg,4.266667,Asian,Male
AF1376.jpg,3.516667,Asian,Female
AM839.jpg,2.716667,Asian,Male
AF928.jpg,4.116667,Asian,Female
AM1187.jpg,2.833333,Asian,Male
AM1544.jpg,2.55,Asian,Male
AF1050.jpg,3.183333,Asian,Female
CF472.jpg,2.516667,Caucasian,Female
AF1229.jpg,2.883333,Asian,Female
AM823.jpg,2.666667,Asian,Male
AM367.jpg,2.9,Asian,Male
CF243.jpg,3.533333,Caucasian,Female
CM474.jpg,2.716667,Caucasian,Male
AF1891.jpg,4.266667,Asian,Female
AM966.jpg,2.9,Asian,Male
CM461.jpg,3.033333,Caucasian,Male
AM190.jpg,4.116667,Asian,Male
AF1416.jpg,3.383333,Asian,Female
AM1125.jpg,2.016667,Asian,Male
CM476.jpg,2.7,Caucasian,Male
CM77.jpg,4.366667,Caucasian,Male
CF387.jpg,2.433333,Caucasian,Female
CM708.jpg,3.983333,Caucasian,Male
AF752.jpg,2.433333,Asian,Female
CM112.jpg,2.95,Caucasian,Male
AF129.jpg,3.1,Asian,Female
AF44.jpg,2.783333,Asian,Female
AF137.jpg,2.716667,Asian,Female
AM337.jpg,3.8,Asian,Male
CM161.jpg,2.216667,Caucasian,Male
CF477.jpg,1.866667,Caucasian,Female
AF404.jpg,2.633333,Asian,Female
CF646.jpg,3.883333,Caucasian,Female
CM174.jpg,3.6,Caucasian,Male
AF1870.jpg,2.983333,Asian,Female
AF399.jpg,2.133333,Asian,Female
AM415.jpg,2.766667,Asian,Male
CM677.jpg,4.083333,Caucasian,Male
CF286.jpg,2.583333,Caucasian,Female
AM148.jpg,4.1,Asian,Male
CM712.jpg,3.833333,Caucasian,Male
AF1037.jpg,2.0,Asian,Female
AM335.jpg,2.783333,Asian,Male
AM1100.jpg,2.15,Asian,Male
AF1175.jpg,4.333333,Asian,Female
CM179.jpg,2.766667,Caucasian,Male
AF513.jpg,2.933333,Asian,Female
AF1202.jpg,3.333333,Asian,Female
AM1427.jpg,3.116667,Asian,Male
AM578.jpg,2.316667,Asian,Male
AF823.jpg,2.966667,Asian,Female
AF1506.jpg,3.55,Asian,Female
AF481.jpg,2.283333,Asian,Female
AF1958.jpg,4.05,Asian,Female
AM747.jpg,2.55,Asian,Male
AM389.jpg,1.883333,Asian,Male
CF49.jpg,4.066667,Caucasian,Female
AM33.jpg,2.433333,Asian,Male
AF170.jpg,2.383333,Asian,Female
AF245.jpg,2.6,Asian,Female
AM1551.jpg,2.45,Asian,Male
AF1719.jpg,3.883333,Asian,Female
CF688.jpg,3.6,Caucasian,Female
CF130.jpg,2.966667,Caucasian,Female
AM1260.jpg,2.55,Asian,Male
CF476.jpg,2.833333,Caucasian,Female
AF540.jpg,2.5,Asian,Female
AF1010.jpg,2.583333,Asian,Female
AM501.jpg,2.4,Asian,Male
AF1816.jpg,4.566667,Asian,Female
AM1664.jpg,4.283333,Asian,Male
AF1216.jpg,2.783333,Asian,Female
AM238.jpg,2.2,Asian,Male
AM1689.jpg,4.133333,Asian,Male
AM1594.jpg,3.5,Asian,Male
CF307.jpg,3.433333,Caucasian,Female
CM147.jpg,2.433333,Caucasian,Male
AM503.jpg,2.933333,Asian,Male
CM14.jpg,2.85,Caucasian,Male
AM1639.jpg,4.3,Asian,Male
AM1146.jpg,2.733333,Asian,Male
AM981.jpg,2.566667,Asian,Male
AM1287.jpg,2.383333,Asian,Male
CF662.jpg,4.066667,Caucasian,Female
AM592.jpg,3.5,Asian,Male
AM802.jpg,2.85,Asian,Male
CM398.jpg,2.166667,Caucasian,Male
AM7.jpg,3.25,Asian,Male
AM1154.jpg,2.95,Asian,Male
AF619.jpg,2.966667,Asian,Female
CM212.jpg,2.466667,Caucasian,Male
AF832.jpg,2.966667,Asian,Female
AF1491.jpg,4.2,Asian,Female
AF1408.jpg,3.65,Asian,Female
AF153.jpg,2.133333,Asian,Female
AF1560.jpg,3.983333,Asian,Female
CM347.jpg,2.4,Caucasian,Male
AF49.jpg,2.133333,Asian,Female
AM608.jpg,2.833333,Asian,Male
AF780.jpg,3.066667,Asian,Female
AF1740.jpg,4.2,Asian,Female
AF1916.jpg,3.166667,Asian,Female
AF240.jpg,3.066667,Asian,Female
CF435.jpg,2.833333,Caucasian,Female
AM1226.jpg,2.8,Asian,Male
CF553.jpg,3.916667,Caucasian,Female
AF1994.jpg,2.683333,Asian,Female
AF1143.jpg,1.983333,Asian,Female
AM1912.jpg,2.95,Asian,Male
AM972.jpg,2.583333,Asian,Male
AM1147.jpg,2.533333,Asian,Male
AF437.jpg,3.083333,Asian,Female
AF574.jpg,2.916667,Asian,Female
CM151.jpg,2.183333,Caucasian,Male
AM1658.jpg,3.466667,Asian,Male
AF209.jpg,2.733333,Asian,Female
AM293.jpg,2.15,Asian,Male
AM845.jpg,2.683333,Asian,Male
CM108.jpg,3.716667,Caucasian,Male
AF1587.jpg,3.533333,Asian,Female
CM571.jpg,2.383333,Caucasian,Male
AM1666.jpg,3.95,Asian,Male
CF62.jpg,2.166667,Caucasian,Female
AF562.jpg,2.866667,Asian,Female
CF193.jpg,3.7,Caucasian,Female
AF246.jpg,3.2,Asian,Female
AF1729.jpg,3.133333,Asian,Female
AF1017.jpg,3.5,Asian,Female
CM597.jpg,3.316667,Caucasian,Male
CM568.jpg,2.116667,Caucasian,Male
CM363.jpg,2.216667,Caucasian,Male
CF175.jpg,2.7,Caucasian,Female
AF335.jpg,2.383333,Asian,Female
AF820.jpg,2.9,Asian,Female
AF937.jpg,2.85,Asian,Female
AM1616.jpg,4.116667,Asian,Male
AF1482.jpg,3.316667,Asian,Female
CM450.jpg,3.733333,Caucasian,Male
AM927.jpg,2.716667,Asian,Male
AM234.jpg,2.566667,Asian,Male
AF691.jpg,2.483333,Asian,Female
CF363.jpg,3.066667,Caucasian,Female
AM1789.jpg,3.316667,Asian,Male
CF639.jpg,4.283333,Caucasian,Female
CM167.jpg,2.7,Caucasian,Male
CF313.jpg,2.116667,Caucasian,Female
CF551.jpg,4.45,Caucasian,Female
AM216.jpg,2.9,Asian,Male
CM335.jpg,3.0,Caucasian,Male
AM382.jpg,2.466667,Asian,Male
CM730.jpg,3.55,Caucasian,Male
AM1387.jpg,2.066667,Asian,Male
AF1684.jpg,4.433333,Asian,Female
CF259.jpg,2.933333,Caucasian,Female
AM1403.jpg,2.816667,Asian,Male
AM675.jpg,2.733333,Asian,Male
CM17.jpg,4.016667,Caucasian,Male
AM407.jpg,2.383333,Asian,Male
AM1437.jpg,3.2,Asian,Male
AF1400.jpg,3.583333,Asian,Female
CM324.jpg,2.983333,Caucasian,Male
CF230.jpg,2.783333,Caucasian,Female
AF1627.jpg,3.766667,Asian,Female
AF444.jpg,3.166667,Asian,Female
AF1932.jpg,2.783333,Asian,Female
AF747.jpg,2.533333,Asian,Female
AF1500.jpg,4.45,Asian,Female
AF1559.jpg,4.133333,Asian,Female
CF677.jpg,3.866667,Caucasian,Female
AF1519.jpg,3.933333,Asian,Female
CM227.jpg,2.883333,Caucasian,Male
AM42.jpg,3.566667,Asian,Male
AF1300.jpg,2.616667,Asian,Female
AM980.jpg,2.283333,Asian,Male
AM347.jpg,2.433333,Asian,Male
CF167.jpg,3.166667,Caucasian,Female
AM1358.jpg,2.85,Asian,Male
AF1667.jpg,3.8,Asian,Female
CM375.jpg,2.733333,Caucasian,Male
AM1045.jpg,2.0,Asian,Male
AF365.jpg,1.933333,Asian,Female
CF349.jpg,2.866667,Caucasian,Female
CM470.jpg,2.633333,Caucasian,Male
AF155.jpg,2.55,Asian,Female
CF495.jpg,2.933333,Caucasian,Female
AF1308.jpg,3.55,Asian,Female
AM943.jpg,2.85,Asian,Male
AM1595.jpg,3.933333,Asian,Male
AM392.jpg,2.5,Asian,Male
AM235.jpg,2.333333,Asian,Male
AF1366.jpg,3.533333,Asian,Female
AM744.jpg,2.95,Asian,Male
AF1480.jpg,2.733333,Asian,Female
AM618.jpg,2.716667,Asian,Male
AF1364.jpg,3.95,Asian,Female
CF244.jpg,3.683333,Caucasian,Female
AM637.jpg,2.933333,Asian,Male
AF420.jpg,3.416667,Asian,Female
CM706.jpg,3.75,Caucasian,Male
AM1203.jpg,2.833333,Asian,Male
CF140.jpg,2.65,Caucasian,Female
AF171.jpg,2.966667,Asian,Female
AF1063.jpg,4.316667,Asian,Female
AF666.jpg,2.933333,Asian,Female
AM453.jpg,2.733333,Asian,Male
AF255.jpg,1.783333,Asian,Female
AM1393.jpg,2.6,Asian,Male
AF604.jpg,2.8,Asian,Female
AM25.jpg,4.233333,Asian,Male
AM508.jpg,3.15,Asian,Male
CF94.jpg,2.383333,Caucasian,Female
AF578.jpg,2.133333,Asian,Female
AM1742.jpg,4.283333,Asian,Male
AM782.jpg,2.716667,Asian,Male
AM1210.jpg,2.35,Asian,Male
AM106.jpg,3.1,Asian,Male
AM800.jpg,2.633333,Asian,Male
CF126.jpg,2.816667,Caucasian,Female
AM231.jpg,2.6,Asian,Male
AM739.jpg,1.983333,Asian,Male
CF101.jpg,2.483333,Caucasian,Female
AM314.jpg,2.883333,Asian,Male
AF764.jpg,2.6,Asian,Female
AF450.jpg,3.1,Asian,Female
AF1449.jpg,3.85,Asian,Female
AM1294.jpg,2.433333,Asian,Male
AF602.jpg,2.65,Asian,Female
AM1274.jpg,2.633333,Asian,Male
AF725.jpg,2.533333,Asian,Female
AM1575.jpg,4.183333,Asian,Male
AF729.jpg,2.666667,Asian,Female
AF831.jpg,2.383333,Asian,Female
AM1515.jpg,2.633333,Asian,Male
AF1064.jpg,3.883333,Asian,Female
AM1586.jpg,3.466667,Asian,Male
AF889.jpg,2.583333,Asian,Female
AF1569.jpg,3.966667,Asian,Female
CF136.jpg,2.466667,Caucasian,Female
CF139.jpg,2.316667,Caucasian,Female
AF1712.jpg,3.5,Asian,Female
AM1400.jpg,2.9,Asian,Male
CM4.jpg,4.316667,Caucasian,Male
CF565.jpg,3.533333,Caucasian,Female
AM1248.jpg,2.5,Asian,Male
AF1391.jpg,2.966667,Asian,Female
AM394.jpg,1.816667,Asian,Male
AF797.jpg,2.766667,Asian,Female
CM243.jpg,2.25,Caucasian,Male
AM1650.jpg,4.1,Asian,Male
CM578.jpg,2.95,Caucasian,Male
AM1625.jpg,3.383333,Asian,Male
CF195.jpg,2.733333,Caucasian,Female
CF216.jpg,2.6,Caucasian,Female
AF454.jpg,2.8,Asian,Female
CF7.jpg,3.916667,Caucasian,Female
AM1006.jpg,2.233333,Asian,Male
AM102.jpg,2.933333,Asian,Male
AM842.jpg,2.9,Asian,Male
AM1055.jpg,2.483333,Asian,Male
AM1755.jpg,3.15,Asian,Male
AM504.jpg,2.5,Asian,Male
AM1679.jpg,4.1,Asian,Male
AF383.jpg,2.483333,Asian,Female
AF1223.jpg,2.133333,Asian,Female
AF1293.jpg,4.033333,Asian,Female
CF411.jpg,3.95,Caucasian,Female
AF398.jpg,4.066667,Asian,Female
AM758.jpg,2.866667,Asian,Male
AF1783.jpg,3.616667,Asian,Female
CM749.jpg,4.283333,Caucasian,Male
CM288.jpg,2.716667,Caucasian,Male
AF1129.jpg,4.166667,Asian,Female
AF948.jpg,2.766667,Asian,Female
AF704.jpg,2.616667,Asian,Female
AM1473.jpg,1.65,Asian,Male
CM230.jpg,2.383333,Caucasian,Male
AM1394.jpg,2.583333,Asian,Male
CM699.jpg,3.766667,Caucasian,Male
AF433.jpg,3.916667,Asian,Female
AM1619.jpg,4.416667,Asian,Male
AM852.jpg,2.45,Asian,Male
CF376.jpg,2.45,Caucasian,Female
AF61.jpg,2.366667,Asian,Female
AM805.jpg,2.15,Asian,Male
CM745.jpg,3.583333,Caucasian,Male
AM1626.jpg,4.1,Asian,Male
AM1854.jpg,3.95,Asian,Male
AM690.jpg,2.233333,Asian,Male
AF271.jpg,3.233333,Asian,Female
CM89.jpg,2.666667,Caucasian,Male
AM157.jpg,3.666667,Asian,Male
AF1243.jpg,2.2,Asian,Female
CF237.jpg,3.183333,Caucasian,Female
AM1155.jpg,2.666667,Asian,Male
AM1231.jpg,1.95,Asian,Male
AF1714.jpg,3.8,Asian,Female
AF621.jpg,2.783333,Asian,Female
AF141.jpg,2.333333,Asian,Female
AM53.jpg,3.85,Asian,Male
AF1515.jpg,3.8,Asian,Female
AM638.jpg,2.166667,Asian,Male
AM593.jpg,2.35,Asian,Male
AF586.jpg,4.116667,Asian,Female
AF1049.jpg,2.95,Asian,Female
AM507.jpg,2.633333,Asian,Male
AM987.jpg,2.683333,Asian,Male
AM924.jpg,2.9,Asian,Male
AM1597.jpg,4.3,Asian,Male
CF8.jpg,4.5,Caucasian,Female
AM350.jpg,2.35,Asian,Male
AF241.jpg,1.983333,Asian,Female
AF1568.jpg,3.833333,Asian,Female
AF14.jpg,1.716667,Asian,Female
AF1835.jpg,3.033333,Asian,Female
AF1660.jpg,3.7,Asian,Female
AF208.jpg,2.733333,Asian,Female
CM443.jpg,2.65,Caucasian,Male
AF401.jpg,1.833333,Asian,Female
CF689.jpg,4.483333,Caucasian,Female
AF315.jpg,3.2,Asian,Female
AF1069.jpg,3.183333,Asian,Female
AM900.jpg,2.516667,Asian,Male
AM570.jpg,2.216667,Asian,Male
AM1425.jpg,2.316667,Asian,Male
CM149.jpg,2.75,Caucasian,Male
CF409.jpg,2.766667,Caucasian,Female
CF642.jpg,4.216667,Caucasian,Female
AF358.jpg,3.066667,Asian,Female
AM1336.jpg,2.533333,Asian,Male
CM663.jpg,4.483333,Caucasian,Male
AM1250.jpg,2.666667,Asian,Male
CM561.jpg,3.183333,Caucasian,Male
AF473.jpg,2.65,Asian,Female
CF713.jpg,3.75,Caucasian,Female
CF333.jpg,2.4,Caucasian,Female
AF1179.jpg,3.933333,Asian,Female
CF674.jpg,3.966667,Caucasian,Female
CM349.jpg,2.733333,Caucasian,Male
CF558.jpg,3.833333,Caucasian,Female
AF323.jpg,2.516667,Asian,Female
AM442.jpg,2.6,Asian,Male
CM341.jpg,2.566667,Caucasian,Male
CF118.jpg,1.883333,Caucasian,Female
CM604.jpg,2.666667,Caucasian,Male
AM925.jpg,2.633333,Asian,Male
CM642.jpg,3.233333,Caucasian,Male
AF1182.jpg,2.916667,Asian,Female
AF1086.jpg,3.65,Asian,Female
AM1295.jpg,2.233333,Asian,Male
AF862.jpg,4.266667,Asian,Female
AM1297.jpg,2.433333,Asian,Male
AF653.jpg,2.583333,Asian,Female
AF1012.jpg,2.766667,Asian,Female
AM1106.jpg,2.116667,Asian,Male
AF538.jpg,3.133333,Asian,Female
CF200.jpg,2.616667,Caucasian,Female
CF280.jpg,2.05,Caucasian,Female
AF1481.jpg,3.933333,Asian,Female
AF1827.jpg,4.166667,Asian,Female
AM1935.jpg,4.316667,Asian,Male
CF605.jpg,3.716667,Caucasian,Female
CM46.jpg,3.816667,Caucasian,Male
AM522.jpg,2.316667,Asian,Male
AM1676.jpg,3.116667,Asian,Male
AF1106.jpg,3.516667,Asian,Female
AM1683.jpg,3.366667,Asian,Male
AM910.jpg,2.1,Asian,Male
CM124.jpg,2.7,Caucasian,Male
CF88.jpg,2.983333,Caucasian,Female
AM1051.jpg,2.8,Asian,Male
AM1835.jpg,3.616667,Asian,Male
CF427.jpg,2.75,Caucasian,Female
AM1946.jpg,3.166667,Asian,Male
AF259.jpg,2.0,Asian,Female
CF439.jpg,2.683333,Caucasian,Female
CF582.jpg,4.233333,Caucasian,Female
AM835.jpg,2.566667,Asian,Male
AF77.jpg,2.666667,Asian,Female
AM1514.jpg,2.866667,Asian,Male
AM1071.jpg,2.116667,Asian,Male
AF1166.jpg,3.75,Asian,Female
CM172.jpg,3.483333,Caucasian,Male
CF694.jpg,3.483333,Caucasian,Female
CM644.jpg,4.116667,Caucasian,Male
AM1039.jpg,3.116667,Asian,Male
AF710.jpg,1.933333,Asian,Female
AM526.jpg,2.75,Asian,Male
AM1128.jpg,2.633333,Asian,Male
AF1100.jpg,2.666667,Asian,Female
CF712.jpg,3.85,Caucasian,Female
AF1990.jpg,4.166667,Asian,Female
AM887.jpg,2.366667,Asian,Male
AM365.jpg,2.783333,Asian,Male
AM496.jpg,2.416667,Asian,Male
CF112.jpg,2.783333,Caucasian,Female
AM188.jpg,3.7,Asian,Male
AF1200.jpg,3.7,Asian,Female
AF219.jpg,2.133333,Asian,Female
AF1755.jpg,4.1,Asian,Female
AF166.jpg,2.7,Asian,Female
AF1425.jpg,3.483333,Asian,Female
AM1606.jpg,4.366667,Asian,Male
AM1445.jpg,2.666667,Asian,Male
AM1936.jpg,4.5,Asian,Male
CF257.jpg,2.933333,Caucasian,Female
AF403.jpg,2.633333,Asian,Female
AF1558.jpg,3.7,Asian,Female
AF1327.jpg,3.083333,Asian,Female
AF1085.jpg,2.283333,Asian,Female
AM1792.jpg,3.333333,Asian,Male
AF542.jpg,3.116667,Asian,Female
AF1620.jpg,3.883333,Asian,Female
AM1207.jpg,2.133333,Asian,Male
CF324.jpg,2.383333,Caucasian,Female
CF128.jpg,2.733333,Caucasian,Female
AM1454.jpg,2.616667,Asian,Male
AF809.jpg,2.833333,Asian,Female
CF357.jpg,3.033333,Caucasian,Female
AF1036.jpg,2.75,Asian,Female
AF262.jpg,2.4,Asian,Female
AF1056.jpg,4.216667,Asian,Female
AM219.jpg,2.5,Asian,Male
AF789.jpg,1.533333,Asian,Female
AF520.jpg,1.666667,Asian,Female
CM577.jpg,2.833333,Caucasian,Male
AF1420.jpg,3.433333,Asian,Female
CM310.jpg,2.983333,Caucasian,Male
AF1642.jpg,2.8,Asian,Female
AM1275.jpg,2.433333,Asian,Male
AF714.jpg,2.733333,Asian,Female
AF1756.jpg,4.0,Asian,Female
AF973.jpg,3.0,Asian,Female
AM1218.jpg,3.566667,Asian,Male
AM133.jpg,3.1,Asian,Male
AF1574.jpg,3.766667,Asian,Female
AF501.jpg,3.833333,Asian,Female
AF1087.jpg,2.766667,Asian,Female
CF574.jpg,3.9,Caucasian,Female
AM898.jpg,2.383333,Asian,Male
CM158.jpg,2.766667,Caucasian,Male
CM216.jpg,3.233333,Caucasian,Male
CM106.jpg,3.15,Caucasian,Male
CF360.jpg,2.3,Caucasian,Female
AF1589.jpg,3.716667,Asian,Female
AF476.jpg,3.966667,Asian,Female
CM231.jpg,2.416667,Caucasian,Male
AM1169.jpg,2.25,Asian,Male
AM1877.jpg,4.033333,Asian,Male
AM562.jpg,2.983333,Asian,Male
AM513.jpg,2.65,Asian,Male
CF470.jpg,3.75,Caucasian,Female
CM678.jpg,4.0,Caucasian,Male
CM715.jpg,3.966667,Caucasian,Male
AF1081.jpg,2.9,Asian,Female
AM38.jpg,3.1,Asian,Male
AM619.jpg,2.15,Asian,Male
AF861.jpg,3.15,Asian,Female
CM175.jpg,3.25,Caucasian,Male
AF327.jpg,3.016667,Asian,Female
AM1844.jpg,2.733333,Asian,Male
AF1668.jpg,4.066667,Asian,Female
AF332.jpg,2.433333,Asian,Female
AM22.jpg,4.7,Asian,Male
CM152.jpg,1.816667,Caucasian,Male
AM1137.jpg,3.0,Asian,Male
AM117.jpg,4.116667,Asian,Male
AF875.jpg,2.533333,Asian,Female
CF42.jpg,3.333333,Caucasian,Female
AF739.jpg,2.45,Asian,Female
CM198.jpg,2.583333,Caucasian,Male
AF491.jpg,3.716667,Asian,Female
AM303.jpg,2.033333,Asian,Male
AM1438.jpg,2.533333,Asian,Male
AF623.jpg,3.016667,Asian,Female
AM1019.jpg,2.7,Asian,Male
AF1276.jpg,2.016667,Asian,Female
AF1562.jpg,3.4,Asian,Female
AM840.jpg,3.0,Asian,Male
AF370.jpg,2.516667,Asian,Female
AM876.jpg,2.65,Asian,Male
CF461.jpg,2.7,Caucasian,Female
AF1059.jpg,3.033333,Asian,Female
AF1698.jpg,3.25,Asian,Female
AM545.jpg,2.35,Asian,Male
CM290.jpg,2.616667,Caucasian,Male
AF624.jpg,2.7,Asian,Female
AF1269.jpg,3.483333,Asian,Female
AM1634.jpg,2.916667,Asian,Male
AM1284.jpg,2.366667,Asian,Male
AF1152.jpg,3.3,Asian,Female
AM961.jpg,2.916667,Asian,Male
AF1401.jpg,4.233333,Asian,Female
AF1030.jpg,2.316667,Asian,Female
AM181.jpg,2.516667,Asian,Male
CM444.jpg,3.133333,Caucasian,Male
AF1172.jpg,3.916667,Asian,Female
AF880.jpg,3.783333,Asian,Female
AF1355.jpg,4.133333,Asian,Female
CM234.jpg,4.333333,Caucasian,Male
AM1121.jpg,2.566667,Asian,Male
CM481.jpg,2.9,Caucasian,Male
AM715.jpg,2.616667,Asian,Male
AM1303.jpg,2.15,Asian,Male
CF308.jpg,2.466667,Caucasian,Female
AF1555.jpg,3.166667,Asian,Female
AF1622.jpg,3.9,Asian,Female
AM1795.jpg,4.483333,Asian,Male
CM259.jpg,2.683333,Caucasian,Male
CM560.jpg,2.35,Caucasian,Male
AM1244.jpg,2.3,Asian,Male
AM884.jpg,2.7,Asian,Male
AF655.jpg,3.316667,Asian,Female
AF249.jpg,2.95,Asian,Female
AM551.jpg,2.016667,Asian,Male
AF1879.jpg,3.8,Asian,Female
CF375.jpg,2.566667,Caucasian,Female
AF1311.jpg,4.033333,Asian,Female
CM732.jpg,4.4,Caucasian,Male
AF896.jpg,3.033333,Asian,Female
AM1044.jpg,2.733333,Asian,Male
AF1616.jpg,2.783333,Asian,Female
AM1913.jpg,3.2,Asian,Male
CM623.jpg,2.116667,Caucasian,Male
CF117.jpg,1.983333,Caucasian,Female
CF622.jpg,3.433333,Caucasian,Female
AF1442.jpg,3.683333,Asian,Female
AF1735.jpg,3.883333,Asian,Female
CM583.jpg,2.866667,Caucasian,Male
AM1491.jpg,2.6,Asian,Male
AF865.jpg,2.4,Asian,Female
AF452.jpg,2.616667,Asian,Female
CF63.jpg,2.366667,Caucasian,Female
AF1921.jpg,2.466667,Asian,Female
AM1355.jpg,2.8,Asian,Male
AM445.jpg,2.433333,Asian,Male
CF675.jpg,3.95,Caucasian,Female
CF559.jpg,3.583333,Caucasian,Female
AF892.jpg,3.8,Asian,Female
CF637.jpg,4.4,Caucasian,Female
AF982.jpg,2.883333,Asian,Female
AF1177.jpg,3.683333,Asian,Female
AF1980.jpg,3.533333,Asian,Female
AF1800.jpg,3.483333,Asian,Female
CM376.jpg,3.116667,Caucasian,Male
AM1783.jpg,3.166667,Asian,Male
CF703.jpg,4.066667,Caucasian,Female
AM203.jpg,2.766667,Asian,Male
AM1015.jpg,2.333333,Asian,Male
AF559.jpg,2.966667,Asian,Female
CM495.jpg,2.266667,Caucasian,Male
AM1148.jpg,2.6,Asian,Male
CM514.jpg,2.466667,Caucasian,Male
CM268.jpg,2.916667,Caucasian,Male
AM257.jpg,2.616667,Asian,Male
AM377.jpg,2.666667,Asian,Male
AF281.jpg,2.183333,Asian,Female
AF1528.jpg,3.383333,Asian,Female
AF292.jpg,2.783333,Asian,Female
AM1793.jpg,2.666667,Asian,Male
AM1478.jpg,2.3,Asian,Male
CM256.jpg,2.783333,Caucasian,Male
AF112.jpg,2.65,Asian,Female
AF64.jpg,2.3,Asian,Female
CF460.jpg,2.55,Caucasian,Female
AM1433.jpg,2.716667,Asian,Male
CF301.jpg,3.766667,Caucasian,Female
CM609.jpg,2.716667,Caucasian,Male
CF586.jpg,4.183333,Caucasian,Female
AF1107.jpg,4.216667,Asian,Female
AM698.jpg,2.666667,Asian,Male
AF597.jpg,2.916667,Asian,Female
AM1994.jpg,4.05,Asian,Male
CM7.jpg,4.35,Caucasian,Male
CM99.jpg,2.666667,Caucasian,Male
CF141.jpg,3.583333,Caucasian,Female
CM181.jpg,2.966667,Caucasian,Male
AM99.jpg,3.566667,Asian,Male
CM380.jpg,2.666667,Caucasian,Male
AM1256.jpg,2.766667,Asian,Male
AF1043.jpg,2.516667,Asian,Female
AM524.jpg,2.4,Asian,Male
CM534.jpg,3.4,Caucasian,Male
AF1623.jpg,3.983333,Asian,Female
AF191.jpg,2.666667,Asian,Female
AF486.jpg,2.416667,Asian,Female
CM321.jpg,2.75,Caucasian,Male
AF1697.jpg,4.016667,Asian,Female
AM1257.jpg,2.6,Asian,Male
AM1346.jpg,2.55,Asian,Male
AM312.jpg,3.233333,Asian,Male
AF79.jpg,2.783333,Asian,Female
AF1387.jpg,4.016667,Asian,Female
AF836.jpg,4.0,Asian,Female
AM561.jpg,2.833333,Asian,Male
AF730.jpg,2.5,Asian,Female
AF1419.jpg,3.816667,Asian,Female
AM482.jpg,2.9,Asian,Male
CF391.jpg,3.55,Caucasian,Female
AM1098.jpg,3.25,Asian,Male
AM1183.jpg,2.8,Asian,Male
CF316.jpg,2.9,Caucasian,Female
AF355.jpg,2.7,Asian,Female
AM1202.jpg,2.683333,Asian,Male
CM442.jpg,2.766667,Caucasian,Male
CF500.jpg,2.75,Caucasian,Female
CM494.jpg,2.516667,Caucasian,Male
CF149.jpg,3.583333,Caucasian,Female
AF1130.jpg,2.833333,Asian,Female
CF10.jpg,3.55,Caucasian,Female
AF260.jpg,2.266667,Asian,Female
AM406.jpg,2.8,Asian,Male
AF1790.jpg,2.033333,Asian,Female
AF434.jpg,3.0,Asian,Female
CF69.jpg,3.0,Caucasian,Female
AM816.jpg,2.45,Asian,Male
AM1790.jpg,4.083333,Asian,Male
AF1808.jpg,3.8,Asian,Female
AF1629.jpg,4.033333,Asian,Female
AM1951.jpg,2.95,Asian,Male
CF728.jpg,4.316667,Caucasian,Female
AM1667.jpg,4.233333,Asian,Male
CM585.jpg,2.85,Caucasian,Male
AF1708.jpg,2.75,Asian,Female
AF1205.jpg,4.133333,Asian,Female
CM426.jpg,3.05,Caucasian,Male
AM1527.jpg,2.166667,Asian,Male
CM312.jpg,2.25,Caucasian,Male
AM1107.jpg,2.083333,Asian,Male
AF164.jpg,3.083333,Asian,Female
CM21.jpg,3.05,Caucasian,Male
AF455.jpg,2.266667,Asian,Female
AM1377.jpg,2.216667,Asian,Male
CF319.jpg,2.65,Caucasian,Female
AM466.jpg,2.733333,Asian,Male
AM1271.jpg,2.45,Asian,Male
AF607.jpg,2.55,Asian,Female
AF415.jpg,2.55,Asian,Female
AF1448.jpg,3.9,Asian,Female
AM1201.jpg,2.15,Asian,Male
AF1634.jpg,4.0,Asian,Female
CF691.jpg,3.45,Caucasian,Female
AM1803.jpg,2.716667,Asian,Male
AM1708.jpg,4.483333,Asian,Male
AM935.jpg,2.016667,Asian,Male
AF448.jpg,2.683333,Asian,Female
AF857.jpg,2.333333,Asian,Female
CF329.jpg,2.9,Caucasian,Female
AF1226.jpg,2.3,Asian,Female
AM1230.jpg,2.583333,Asian,Male
AM192.jpg,2.616667,Asian,Male
CM726.jpg,3.433333,Caucasian,Male
AM645.jpg,2.9,Asian,Male
AF258.jpg,2.3,Asian,Female
AM1645.jpg,4.066667,Asian,Male
AM79.jpg,2.433333,Asian,Male
AF1437.jpg,4.316667,Asian,Female
AM1572.jpg,4.3,Asian,Male
AM1072.jpg,3.05,Asian,Male
CM719.jpg,3.933333,Caucasian,Male
CF25.jpg,3.966667,Caucasian,Female
CM379.jpg,2.633333,Caucasian,Male
AF93.jpg,2.533333,Asian,Female
AF1427.jpg,3.566667,Asian,Female
CM612.jpg,2.433333,Caucasian,Male
AM1079.jpg,2.333333,Asian,Male
AF590.jpg,2.766667,Asian,Female
AM297.jpg,2.166667,Asian,Male
CF330.jpg,2.483333,Caucasian,Female
CM410.jpg,2.816667,Caucasian,Male
AF1779.jpg,3.683333,Asian,Female
CF390.jpg,2.6,Caucasian,Female
AM639.jpg,2.55,Asian,Male
AM1728.jpg,3.6,Asian,Male
AF1246.jpg,3.066667,Asian,Female
AM1711.jpg,3.216667,Asian,Male
AF665.jpg,2.55,Asian,Female
AM500.jpg,2.55,Asian,Male
AM460.jpg,3.25,Asian,Male
AM267.jpg,4.033333,Asian,Male
AM957.jpg,2.05,Asian,Male
AF1127.jpg,2.866667,Asian,Female
AF1651.jpg,1.8,Asian,Female
CM551.jpg,3.1,Caucasian,Male
AM1875.jpg,3.15,Asian,Male
AF1917.jpg,2.933333,Asian,Female
AF527.jpg,3.133333,Asian,Female
CM620.jpg,1.9,Caucasian,Male
AF585.jpg,2.2,Asian,Female
AF1904.jpg,3.866667,Asian,Female
CF511.jpg,2.05,Caucasian,Female
AM1512.jpg,2.75,Asian,Male
AF1114.jpg,2.966667,Asian,Female
AF1644.jpg,3.816667,Asian,Female
AF1189.jpg,2.733333,Asian,Female
AM1083.jpg,2.7,Asian,Male
AF845.jpg,3.233333,Asian,Female
CM83.jpg,2.283333,Caucasian,Male
AF512.jpg,2.466667,Asian,Female
AF1468.jpg,4.383333,Asian,Female
AF707.jpg,2.066667,Asian,Female
CF613.jpg,4.45,Caucasian,Female
CM8.jpg,2.466667,Caucasian,Male
CF214.jpg,2.4,Caucasian,Female
AM1543.jpg,2.733333,Asian,Male
AM1770.jpg,3.366667,Asian,Male
AM521.jpg,2.55,Asian,Male
AF1196.jpg,3.666667,Asian,Female
AF634.jpg,3.383333,Asian,Female
AF1935.jpg,1.4,Asian,Female
AM429.jpg,2.516667,Asian,Male
AM186.jpg,4.15,Asian,Male
CF146.jpg,3.283333,Caucasian,Female
CF740.jpg,4.133333,Caucasian,Female
AF1123.jpg,2.516667,Asian,Female
AF1839.jpg,4.266667,Asian,Female
AF89.jpg,1.65,Asian,Female
AF825.jpg,2.916667,Asian,Female
AF362.jpg,2.016667,Asian,Female
AM847.jpg,2.916667,Asian,Male
AM447.jpg,2.416667,Asian,Male
AF781.jpg,2.516667,Asian,Female
AM43.jpg,2.65,Asian,Male
CM669.jpg,4.416667,Caucasian,Male
CF645.jpg,3.866667,Caucasian,Female
AF972.jpg,4.366667,Asian,Female
AF361.jpg,2.933333,Asian,Female
CF155.jpg,2.183333,Caucasian,Female
CF365.jpg,3.6,Caucasian,Female
AM1640.jpg,4.283333,Asian,Male
AF734.jpg,2.95,Asian,Female
CF46.jpg,2.483333,Caucasian,Female
CF311.jpg,2.566667,Caucasian,Female
AM284.jpg,1.716667,Asian,Male
AF1113.jpg,3.35,Asian,Female
AF1682.jpg,3.883333,Asian,Female
AF1796.jpg,2.083333,Asian,Female
AF1083.jpg,4.4,Asian,Female
AF1970.jpg,2.916667,Asian,Female
CF371.jpg,2.75,Caucasian,Female
AM1116.jpg,2.5,Asian,Male
AF266.jpg,2.4,Asian,Female
AM452.jpg,2.3,Asian,Male
AF53.jpg,2.166667,Asian,Female
AM13.jpg,2.866667,Asian,Male
AM1908.jpg,2.1,Asian,Male
CM393.jpg,2.983333,Caucasian,Male
AM1739.jpg,2.716667,Asian,Male
CM632.jpg,2.333333,Caucasian,Male
AF1647.jpg,3.633333,Asian,Female
CF517.jpg,1.916667,Caucasian,Female
CM242.jpg,2.65,Caucasian,Male
AM1903.jpg,2.633333,Asian,Male
CM3.jpg,4.183333,Caucasian,Male
AF110.jpg,3.25,Asian,Female
CF624.jpg,3.9,Caucasian,Female
CM598.jpg,3.1,Caucasian,Male
AF139.jpg,2.133333,Asian,Female
AM169.jpg,1.766667,Asian,Male
CM350.jpg,2.333333,Caucasian,Male
AM731.jpg,2.833333,Asian,Male
AM893.jpg,2.1,Asian,Male
CF344.jpg,3.316667,Caucasian,Female
AM1622.jpg,3.333333,Asian,Male
AM1633.jpg,3.133333,Asian,Male
AF1727.jpg,2.816667,Asian,Female
AF719.jpg,2.233333,Asian,Female
AF822.jpg,2.15,Asian,Female
AM1649.jpg,3.55,Asian,Male
CF431.jpg,2.833333,Caucasian,Female
CF676.jpg,3.483333,Caucasian,Female
AF846.jpg,1.733333,Asian,Female
CM524.jpg,2.166667,Caucasian,Male
AM573.jpg,2.133333,Asian,Male
AM1503.jpg,2.416667,Asian,Male
CF480.jpg,3.633333,Caucasian,Female
AM177.jpg,2.366667,Asian,Male
AM1311.jpg,2.866667,Asian,Male
CF732.jpg,3.766667,Caucasian,Female
CM142.jpg,3.216667,Caucasian,Male
AM665.jpg,2.483333,Asian,Male
AM339.jpg,2.416667,Asian,Male
AF274.jpg,2.95,Asian,Female
CF3.jpg,4.283333,Caucasian,Female
CM651.jpg,3.8,Caucasian,Male
AF688.jpg,1.616667,Asian,Female
CM63.jpg,2.45,Caucasian,Male
AF1658.jpg,3.133333,Asian,Female
AM371.jpg,2.716667,Asian,Male
AF841.jpg,2.416667,Asian,Female
CF545.jpg,3.833333,Caucasian,Female
AF1178.jpg,3.983333,Asian,Female
AF1829.jpg,2.85,Asian,Female
AF961.jpg,3.833333,Asian,Female
AF488.jpg,3.3,Asian,Female
AM640.jpg,2.85,Asian,Male
AF1524.jpg,3.9,Asian,Female
CF679.jpg,3.933333,Caucasian,Female
AF322.jpg,1.816667,Asian,Female
AF307.jpg,2.466667,Asian,Female
AM1298.jpg,2.616667,Asian,Male
AF950.jpg,3.566667,Asian,Female
AM1018.jpg,2.883333,Asian,Male
AM741.jpg,2.616667,Asian,Male
AM19.jpg,2.85,Asian,Male
AM237.jpg,2.016667,Asian,Male
AM786.jpg,2.916667,Asian,Male
CF498.jpg,2.7,Caucasian,Female
AM1590.jpg,3.916667,Asian,Male
CF717.jpg,3.433333,Caucasian,Female
AM1038.jpg,2.783333,Asian,Male
CM78.jpg,2.983333,Caucasian,Male
AM1623.jpg,3.4,Asian,Male
AF1637.jpg,3.983333,Asian,Female
AM1609.jpg,3.65,Asian,Male
AF456.jpg,2.65,Asian,Female
AF510.jpg,3.733333,Asian,Female
AM795.jpg,1.983333,Asian,Male
AM1188.jpg,2.466667,Asian,Male
CM594.jpg,3.933333,Caucasian,Male
AF1161.jpg,2.066667,Asian,Female
CM500.jpg,3.583333,Caucasian,Male
AM492.jpg,2.4,Asian,Male
AM1992.jpg,4.083333,Asian,Male
AM705.jpg,2.85,Asian,Male
AM1929.jpg,4.183333,Asian,Male
AF1399.jpg,3.183333,Asian,Female
AF1943.jpg,3.666667,Asian,Female
CM522.jpg,2.716667,Caucasian,Male
AM1370.jpg,2.983333,Asian,Male
AM1341.jpg,2.85,Asian,Male
CM434.jpg,3.033333,Caucasian,Male
CF21.jpg,4.25,Caucasian,Female
CM253.jpg,2.266667,Caucasian,Male
AF414.jpg,2.35,Asian,Female
AF1312.jpg,4.0,Asian,Female
AM1087.jpg,2.0,Asian,Male
CF292.jpg,2.516667,Caucasian,Female
AM1385.jpg,2.516667,Asian,Male
AM1872.jpg,3.266667,Asian,Male
AF1898.jpg,3.533333,Asian,Female
AF1297.jpg,3.383333,Asian,Female
AF1849.jpg,3.283333,Asian,Female
AF1328.jpg,3.716667,Asian,Female
AM1452.jpg,2.483333,Asian,Male
AF1612.jpg,3.866667,Asian,Female
CF75.jpg,2.233333,Caucasian,Female
AF1368.jpg,3.083333,Asian,Female
AF646.jpg,3.633333,Asian,Female
AF1982.jpg,3.266667,Asian,Female
CF626.jpg,3.316667,Caucasian,Female
AF472.jpg,3.016667,Asian,Female
AF955.jpg,4.0,Asian,Female
AM810.jpg,2.616667,Asian,Male
CF640.jpg,4.65,Caucasian,Female
AF751.jpg,3.1,Asian,Female
AF1579.jpg,4.1,Asian,Female
AF761.jpg,2.066667,Asian,Female
AM541.jpg,2.683333,Asian,Male
CM229.jpg,2.6,Caucasian,Male
AF254.jpg,3.183333,Asian,Female
AM1652.jpg,4.133333,Asian,Male
CM499.jpg,3.766667,Caucasian,Male
CF291.jpg,3.3,Caucasian,Female
CM205.jpg,2.216667,Caucasian,Male
CM206.jpg,2.95,Caucasian,Male
CF666.jpg,4.333333,Caucasian,Female
AF1859.jpg,1.85,Asian,Female
CF510.jpg,3.633333,Caucasian,Female
AF839.jpg,3.266667,Asian,Female
CF28.jpg,4.3,Caucasian,Female
CM293.jpg,2.433333,Caucasian,Male
AF354.jpg,2.816667,Asian,Female
AM1511.jpg,2.416667,Asian,Male
AF994.jpg,3.666667,Asian,Female
AF676.jpg,2.6,Asian,Female
CM139.jpg,2.483333,Caucasian,Male
CM76.jpg,2.466667,Caucasian,Male
AF636.jpg,3.583333,Asian,Female
AM711.jpg,2.85,Asian,Male
AF1230.jpg,2.016667,Asian,Female
AF759.jpg,2.25,Asian,Female
AM1687.jpg,3.983333,Asian,Male
AM1635.jpg,3.666667,Asian,Male
AF531.jpg,3.0,Asian,Female
CM298.jpg,2.533333,Caucasian,Male
AF138.jpg,2.416667,Asian,Female
AF1774.jpg,3.016667,Asian,Female
AM44.jpg,4.2,Asian,Male
AF1195.jpg,3.433333,Asian,Female
AM1591.jpg,4.35,Asian,Male
AM1982.jpg,3.05,Asian,Male
AM992.jpg,2.683333,Asian,Male
AF723.jpg,2.766667,Asian,Female
CF652.jpg,3.95,Caucasian,Female
AF396.jpg,2.0,Asian,Female
CM34.jpg,1.933333,Caucasian,Male
CF634.jpg,4.633333,Caucasian,Female
AM813.jpg,3.8,Asian,Male
AF963.jpg,4.216667,Asian,Female
CM266.jpg,3.083333,Caucasian,Male
AM484.jpg,2.833333,Asian,Male
AM666.jpg,2.816667,Asian,Male
AF306.jpg,2.933333,Asian,Female
CM79.jpg,3.1,Caucasian,Male
AM1510.jpg,2.7,Asian,Male
AM1731.jpg,3.666667,Asian,Male
AM531.jpg,2.7,Asian,Male
AF1247.jpg,3.85,Asian,Female
AF1219.jpg,3.2,Asian,Female
AF529.jpg,2.55,Asian,Female
AM1321.jpg,2.65,Asian,Male
AF1191.jpg,4.233333,Asian,Female
AF1071.jpg,3.133333,Asian,Female
AF12.jpg,2.083333,Asian,Female
AM1327.jpg,2.666667,Asian,Male
AM657.jpg,3.033333,Asian,Male
AM184.jpg,2.0,Asian,Male
AF1284.jpg,3.4,Asian,Female
AF1418.jpg,2.966667,Asian,Female
AF1486.jpg,4.033333,Asian,Female
AF1871.jpg,3.65,Asian,Female
AF930.jpg,4.016667,Asian,Female
AF1678.jpg,3.35,Asian,Female
AF584.jpg,2.566667,Asian,Female
AM159.jpg,2.133333,Asian,Male
AM187.jpg,3.966667,Asian,Male
AF1614.jpg,2.966667,Asian,Female
AF1459.jpg,4.0,Asian,Female
CF550.jpg,3.483333,Caucasian,Female
CF497.jpg,2.883333,Caucasian,Female
AM1778.jpg,2.133333,Asian,Male
CM424.jpg,2.983333,Caucasian,Male
AF1951.jpg,2.9,Asian,Female
AF1705.jpg,3.133333,Asian,Female
CM29.jpg,1.8,Caucasian,Male
AM1317.jpg,2.583333,Asian,Male
CM457.jpg,3.2,Caucasian,Male
CF334.jpg,2.166667,Caucasian,Female
CF74.jpg,2.316667,Caucasian,Female
AM74.jpg,1.6,Asian,Male
CF389.jpg,2.066667,Caucasian,Female
CF641.jpg,4.45,Caucasian,Female
CM87.jpg,2.883333,Caucasian,Male
AM374.jpg,2.55,Asian,Male
CF356.jpg,2.8,Caucasian,Female
AF656.jpg,2.6,Asian,Female
AF202.jpg,2.65,Asian,Female
AM273.jpg,2.366667,Asian,Male
AF815.jpg,1.316667,Asian,Female
CM508.jpg,2.3,Caucasian,Male
AF1892.jpg,3.7,Asian,Female
CM364.jpg,3.6,Caucasian,Male
AM140.jpg,3.116667,Asian,Male
AF992.jpg,2.666667,Asian,Female
CM673.jpg,4.216667,Caucasian,Male
